name,category,fdc_id,calories,protein,carbs,fat,b6,b9_folate,b12,iron,magnesium,fiber,sugar,calcium,potassium,sodium,zinc,vitamin_c,vitamin_a,vitamin_e,vitamin_d,vitamin_k2,density,is_base_recipe,recipe_components,description,instructions,finished_weight_grams,g6pd_trigger
"Aleppo Pepper",Spices,171329,306,12,49.7,13,2.1,0,0,7.8,152,27.2,10.3,148,2014,30,2.5,76.4,1492,28,0,0,1,0,,,,,0
Allspice,Spices,171316,263,6.1,72.1,8.7,0.2,36,0,7.1,135,21.6,0,661,1044,77,1,39.2,27,0,0,0,1,0,,,,,0
"Almond Butter",Fats/Nuts,2262072,614,21,18.8,55.5,0.1,51,0,3.5,279,10.3,4.8,347,748,0,3.3,0,0,24.2,0,0,1,0,,"Pure ground almonds only — no added sugar, oils, or preservatives.",,,0
"Almond Flour",Grains/Nuts,168191,579,21.2,21.7,50,0.1,44,0,3.7,270,12.5,4.4,269,733,1,3.1,0,0,25.6,0,0,1,0,,,,,0
"Almond Flour (Base)","Base Ingredient",,579,21.2,21.7,50,0.1,44,0,3.7,270,12.5,4.4,269,733,1,3.1,0,0,25.6,0,0,1,1,,"Fine house-milled almond flour from whole raw almonds","Step 1: Blitz whole raw almonds in a high-speed blender until a fine, fluffy flour forms.\nStep 2: Sift once to remove any larger pieces; use immediately or store chilled.",,0
"Almond Milk (Unsweetened)",Beverages,,15,0.5,0.3,1.1,0.01,1,0,0.3,7,0.3,0,184,67,142,0.1,0,0,0.5,0,0,1,0,,"Clean unsweetened almond milk","Dairy-free liquid base.",,0
"Almond whole",Fats/Nuts,170567,579,21.2,21.7,49.9,0.1,44,0,3.7,270,12.5,4.4,269,733,1,3.1,0,0,25.6,0,8,1,0,,,,,0
"Anchovies canned",Proteins,175154,210,28.9,0,9.7,0.2,0,0.6,4.6,101,0,0,232,397,3668,1.7,0,15,0,1.7,1.5,1,0,,,,,0
"Anise Seeds",Spices,,337,17.6,50,15.9,0.5,10,0,37,170,14.6,0,646,1441,16,4.4,21,15,0,0,0,1,0,,,,,0
"Apple Cider Beet Marinade (Base)","Base Ingredient",,344.63,0,0.58,37.5,0,0,0,0.35,3.125,0,0.25,4.75,46,3.875,0,0,0,5.4,0,3,1,1,"80:15,113:25","Tangy apple cider vinaigrette for beet and fruit salads.","Step 1: Whisk vinegar and olive oil together.\nStep 2: Toss with prepared salad and rest 15–20 minutes.",,0
"Apple Cider Vinegar",Pantry,173469,21,0,0.9,0,0,0,0,0.2,5,0,0.4,7,73,5,0,0,0,0,0,0,1,0,,,,,0
"Apple Green",Fruits,168195,52,0.3,13.8,0.2,0,3,0,0.1,5,2.4,10.4,6,107,1,0,4.6,3,0.2,0,0,1,0,,,,,0
"Apple Juice",Liquids,168198,46,0.1,11.3,0.1,0,0,0,0.1,5,0.2,9.6,8,101,4,0,0.9,0,0,0,0,1,0,,,,,0
"Apple Red",Fruits,171688,52,0.3,13.8,0.2,0,3,0,0.1,5,2.4,10.4,6,107,1,0,4.6,3,0.2,0,0,1,0,,,,,0
"Apricots (Dried)",Fruits,173941,241,3.4,62.6,0.5,0.14,10,0,2.7,32,7.3,53.4,55,1162,10,0.4,1,180,4.3,0,0,1,0,,,,,0
"Arborio Rice",Grains,169756,358,6.5,79.1,0.5,0.16,231,0,4.3,25,1.3,0.1,3,115,1,1.1,0,0,0,0,0,1,0,,,,,0
Artichokes,Vegetables,168386,47,3.3,10.5,0.2,0.12,68,0,1.3,60,5.4,1,44,370,94,0.5,11.7,1,0.2,0,0,1,0,,,,,0
Arugula,Vegetables,169387,25,2.6,3.7,0.7,0.07,97,0,1.5,47,1.6,2.1,160,369,27,0.5,15,119,0.4,0,0,1,0,,,,,0
Asparagus,Vegetables,168389,20,2.2,3.9,0.1,0.09,52,0,2.1,14,2.1,1.9,24,202,2,0.5,5.6,38,1.1,0,0,1,0,,,,,0
Avocado,Fats,171705,160,2,8.5,14.7,0.26,81,0,0.6,29,6.7,0.7,12,485,7,0.6,10,7,2.1,0,8,1,0,,,,,0
"Avocado Oil",Fats,,884,0,0,100,0,0,0,0,0,0,0,0,0,0,0,0,0,13,0,8,1,0,,,,,0
"Avocado-Mango Salsa (Base)","Base Ingredient",,110.68,1.23,9.76,8.31,0.1858,50.8656,0,0.4175,17.0623,3.2918,5.8208,12.8809,280.2208,177.3705,0.3038,38.7148,51.9038,1.7727,0,2.8852,1,1,"28:8,29:2,40:25,80:15,122:150,140:75,143:0.5,176:15,212:15,224:150,244:2","Fresh avocado-mango salsa with pepper, onion, cilantro, and lime — optional chilli for heat.","Step 1: Dice mango, avocado, pepper, and onion; rinse onion and drain.\nStep 2: Chop coriander and mince chilli if using.\nStep 3: Fold together with lime juice, coconut water, olive oil, salt, and pepper. Rest 10 minutes before serving.",,0
"Baby Chard",Vegetables,169990,19,1.8,3.7,0.2,0.1,14,0,1.8,81,1.6,1.1,51,379,213,0.4,30,306,1.9,0,0,1,0,,,,,0
"Baking Powder",Pantry,174274,53,0,27.7,0,0,0,0,0,0,0,0,5876,20,10600,0,0,0,0,0,0,1,0,,,,,0
"Baking Soda",Pantry,1105342,0,0,0,0,0,0,0,0,0,0,0,0,0,27360,0,0,0,0,0,0,1,0,,,,,0
"Balsamic Vinegar",Pantry,172235,88,0.5,17,0,0.02,0,0,0.7,12,0,15,27,112,23,0.1,0,0,0,0,0,1,0,,,,,0
Banana,Fruits,173944,89,1.1,22.8,0.3,0.37,20,0,0.3,27,2.6,12.2,5,358,1,0.1,8.7,3,0.1,0,0,1,0,,,,,0
Barberries,Spices,168153,316,3.8,63.9,0,0,0,0,20,20,7.4,27,40,120,15,0.5,24,10,0,0,0,1,0,,,,,0
"Base Soup",Fats,9874,187.98,26.88,30.44,37.65,7.45,495,5.82,10.45,192.92,0,0,0,0,0,0,0,0,0,0,8,0.23,0,,"Line1 Line2, comma","Step 1\nStep 2",,0
Basil,Herbs,172232,23,3.15,2.65,0.64,0.15,68,0,3.17,64,1.6,0.3,177,295,4,0.81,18,264,0.8,0,0,1,0,,,,,0
"Basil Pesto (House)","Base Ingredient",,388.07,1.98,3.1,42.03,0.1458,35.5729,0,1.9896,34.6458,0.9479,0.2083,102.2813,174.9688,407.5313,0.4896,11,137.5,6.4271,0,3.33,1,1,"80:40,129:50,193:5,244:1","Clean nut-free herbaceous basil pesto fluid","Step 1: Place fresh basil leaves, raw garlic, and sea salt into a food processor.\nStep 2: Pulse while slowly streaming in extra virgin olive oil until a vibrant, smooth green emulsion forms.",,0
"Basmati Brown",Grains,169704,362,7.5,76.2,2.7,0.51,20,0,1.5,143,3.4,0.8,23,268,7,2,0,0,0.1,0,0,1,0,,,,,0
"Basmati Rice (Brown)",Grains,1104383,162,4.1,33.5,1.1,0.15,14,0,0.6,72,1.7,0.3,7,110,2,0.1,0,0,0.2,0,0,1,0,,,,,0
"Basmati Rice (White)",Grains,1104382,121,3.1,34.7,0.2,0.05,5,0,0.1,4,0.8,0.1,2,25,0,0.6,0,0,0,0,0,1,0,,,,,0
"Basmati White",Grains,169703,356,7.1,78.6,0.7,0.16,9,0,0.8,25,1.3,0.1,10,115,5,1.1,0,0,0,0,0,1,0,,,,,0
"Bay Leaves",Spices,171320,313,7.6,75,8.4,1.74,180,0,43,120,26.3,0,834,529,23,3.7,46.5,309,0,0,0,1,0,,,,,0
"Bean Sprouts",Vegetables,1103357,30,3,6,0.2,0.09,61,0,0.9,21,1.8,4.1,13,155,6,0.4,13.2,1,0.1,0,0,1,0,,,,,0
"Beef Bones (Feet)",Proteins,,85,3.5,0,6.5,0.12,0,0.5,0.8,8,0,0,18,95,15,1.5,0,0,0,0,0,1,0,,"Beef marrow bones and feet for long-simmered broth; solids are strained out after cooking.",,,0
"Beef Brisket",Proteins,174029,251,18.2,0,19.3,0.35,8,2.1,1.9,16,0,0,7,250,62,5.3,0,0,0.2,0.1,1.5,1,0,,,,,0
"Beef Chuck Roast",Proteins,100308,176,20,0,10.1,0.34,7,3.5,2.1,21,0,0,11,318,65,8.4,0,0,0.1,0.1,1.5,1,0,,,,,0
"Beef Ground",Proteins,173111,250,18.2,0,19,0.38,9,2.6,1.9,19,0,0,12,280,70,4.8,0,0,0.2,0.1,1.5,1,0,,,,,0
"Beef Ground Lean",Proteins,,182,26,0,8,0.4,8,2.2,2.7,21,0,0,12,340,65,4.5,0,0,0.1,0,1.5,0.95,0,,"Lean ground beef, raw","Lean ground beef sourced for clean whole-food profiles.",,0
"Beef Rib Bones (Trimmed)",Proteins,,55,2.5,0,3.5,0.08,0,0.4,0.5,5,0,0,15,80,12,1.2,0,0,0,0,0,1,0,,"Bone-in rib bones with all visible meat removed before roasting for broth.",,,0
"Beef Ribeye",Proteins,174036,291,24,0,22,0.44,6,2.5,1.9,21,0,0,9,321,54,4.5,0,0,0.2,0.1,1.5,1,0,,,,,0
"Beef Ribs",Proteins,,248,19,0,18,0.35,7,2.4,2,19,0,0,10,290,60,6.5,0,0,0.2,0.1,1.5,1,0,,"Bone-in beef ribs for roasting and broth extraction.",,,0
"Beef Sirloin",Proteins,173322,244,27,0,15,0.51,7,1.8,1.9,24,0,0,25,385,58,4.8,0,0,0.2,0.1,1.5,1,0,,,,,0
"Beef Topside",Proteins,174677,162,28,0,5,0.58,10,2.1,2.5,27,0,0,5,390,50,5.2,0,0,0.2,0.1,1.5,1,0,,,,,0
Beetroot,Vegetables,169145,43,1.6,9.6,0.2,0.07,109,0,0.8,23,2.8,6.8,16,325,78,0.4,4.9,2,0,0,0,1,0,,,,,0
"Bell Pepper (Red)",Vegetables,170497,31,1,6,0.3,0.29,46,0,0.4,12,2.1,4.2,7,211,4,0.3,127.7,157,1.6,0,0,1,0,,,,,0
"Black Beans",Legumes,,132,8.9,23.7,0.5,0.1,149,0,2.1,70,8.7,0.3,27,355,1,0.9,0,0,0,0,0,0.8,0,,,,,1
"Black Beans (Cooked)",Proteins/Legumes,173735,132,8.9,23.7,0.5,0.07,149,0,2.1,70,8.7,0.3,27,355,1,1.1,0,0,0,0,0,1,0,,,,,0
"Black Lentils",Proteins/Legumes,172420,116,9,20,0.4,0.18,181,0,3.3,36,7.9,1.8,19,369,2,1.3,1.5,1,0.1,0,0,1,0,,,,,0
"Black Pepper",Spices,172181,251,10.4,64,3.3,0.29,17,0,9.7,171,25.3,0.6,443,1329,20,1.1,0,27,1,0,0,1,0,,,,,0
"Black Seeds",Spices,1104374,375,16,44,22,0.5,15,0,18.5,385,10.5,2.3,931,1694,168,5.5,21,0,0,0,0,1,0,,,,,0
"Black Tamarind (Dried)",Pantry,,239,2.8,62.5,0.6,0.07,14,0,2.8,92,5.1,57.4,74,628,28,0.1,3.5,2,0.1,0,0,1,0,,"Sour dried black tamarind pulp for tandoori and Thai marinades.",,,0
"Blackened Seasoning (Base)","Base Ingredient",,238.88,10.12,52.12,4.12,1.0385,32.8077,0,13.1154,91.7692,17.2692,4.4231,362.8077,1112,8973.8462,2.0385,12.8462,572,7.6923,0,0,1,1,"4:1,18:5,143:1,164:1,244:6,374:6,395:5,396:1","Classic Cajun blackened spice rub with smoked paprika, garlic, onion, oregano, thyme, and cayenne heat.","Step 1: Whisk together 2 tsp smoked paprika, 2 tsp garlic powder, 2 tsp onion powder, 1 tsp sea salt, 1 tsp dried oregano, 1 tsp dried thyme, ½ tsp black pepper, and ¼–½ tsp cayenne pepper until evenly blended.\nStep 2: Store airtight. Use as a dry rub on fish, chicken, or vegetables before high-heat searing.",,0
Blueberries,Fruits,171711,57,0.7,14.5,0.3,0.05,6,0,0.3,6,2.4,10,6,77,1,0.2,9.7,3,0.6,0,0,1,0,,,,,0
"Bok Choy",Vegetables,170390,13,1.5,2.2,0.2,0.19,66,0,0.8,19,1,1.2,105,252,65,0.2,45,243,0.1,0,0,1,0,,,,,0
"Bone Broth (Base)","Base Ingredient",,18,3.2,0.4,0.2,0.02,0,0.15,0.3,8,0,0,12,90,20,0.4,0,0,0,0,0,1,1,"39:200,113:30,143:5,159:200,165:150,172:3,222:15,236:800,239:15,244:1.5,250:8,259:10,284:4000,382:1500","Long-simmered, defatted beef bone broth — nutrition is per 100 ml; one serving is 500 ml.","Step 1: Trim and scrape all visible meat from the rib bones. Roast beef bones (feet) and trimmed rib bones at 200°C until deeply golden.\nStep 2: Transfer to a large pot and cover with cold filtered water.\nStep 3: Add 1.5g sea salt (about ¼ tsp), black pepper, and apple cider vinegar — keep the batch lightly seasoned.\nStep 4: Add carrots, celery, white onion, cinnamon, rosemary, thyme, star anise, and whole black lime (loomi).\nStep 5: Simmer on the lowest heat for at least 18 hours.\nStep 6: Strain through a fine mesh sieve; discard all solids.\nStep 7: Cool completely, refrigerate overnight, and skim off all fat from the surface.\nStep 8: Reheat only the defatted broth to serve. Season individual cups with an extra pinch of salt only if needed. Batch yield is about 3000 ml.",,0
Broccoli,Vegetables,170379,34,2.8,6.6,0.4,0.18,63,0,0.7,21,2.6,1.7,47,316,33,0.4,89.2,31,0.8,0,0,1,0,,,,,0
Broccolini,Vegetable,170427,35,3.5,6,0.5,0.2,71,0,0.7,21,3.5,1.5,40,316,33,0.4,89.2,77,0.8,0,0,1,0,,,,,0
"Brown Cardamom",Spices,,311,10.8,68.5,6.7,0.2,0,0,13.9,229,28,0,383,1119,18,7.5,21,0,0,0,0,1,0,,,,,0
"Brown Herbal Rice (Base)","Base Ingredient",,49.8,1.37,10.22,0.37,0.0503,11.2899,0,0.4822,24.4438,0.6302,0.1065,12.355,63.1361,233.3491,0.0769,5.1598,19.1006,0.0769,0,0,1,1,"72:100,187:8,244:2,284:220,338:8","Steamed brown basmati rice folded with fresh dill and parsley.","Step 1: Rinse brown basmati rice until water runs clear.\nStep 2: Simmer rice with filtered water and sea salt, covered, for 35–40 minutes until tender; rest 5 minutes off heat.\nStep 3: Fluff with a fork and fold in chopped fresh dill and parsley.",,0
"Brown Onion",Vegetables,,40,1.1,9.34,0.1,0.12,19,0,0.21,10,1.7,4.24,23,146,4,0.17,7.4,0,0.02,0,0,1,0,,,,,0
"Buckwheat Flour",Grains,170685,335,12.6,70.6,3.1,0.58,54,0,4.1,251,10,2.6,41,577,11,3.1,0,0,0,0,0,1,0,,,,,0
"Buckwheat Spaghetti (Cooked)",Grains,168917,99,5.1,21.4,0.1,0.05,15,0,0.8,51,0,0.1,4,12,60,0.4,0,0,0,0,0,1,0,,,,,0
Burrata,Dairy,170438,250,14,3.6,21,0.04,7,0.7,0.2,11,0,3.6,400,100,600,2.1,0,198,0.4,0.3,2.2,1,0,,,,,0
"Butter (Unsalted)",Fats,173410,717,0.9,0.1,81.1,0,3,0.2,0,2,0,0.1,24,24,11,0.1,0,684,2.3,1.5,8,1,0,,,,,0
"Butter Beans",Legumes,175249,115,7.8,20.9,0.4,0.2,102,0,2.4,43,7,0.3,17,508,5,0.8,0,0,0,0,0,0.8,0,,,,,1
"Butternut Squash",Vegetables,169225,45,1,11.7,0.1,0.15,27,0,0.7,34,2,2.2,48,352,4,0.2,21,532,1.4,0,0,1,0,,,,,0
"Cabbage (Purple)",Vegetables,169977,31,1.4,7.4,0.2,0.21,18,0,0.8,16,2.1,3.8,45,243,27,0.2,57,56,0.1,0,0,1,0,,,,,0
"Cacao Nibs",Pantry,170154,600,13,28,50,0.1,32,0,13.9,499,33,0,73,1524,21,6.8,0,5,0.1,0,0,1,0,,,,,0
"Cacao Powder",Pantry,,228,19.6,57.9,13.7,0.12,32,0,13.9,499,33.2,1.8,128,1524,21,6.8,0,0,0.1,0,0,1,0,,,,,0
"Cajun Powder",Spices,,282,11,45,12,1.8,30,0,15,140,25,8,130,1800,3000,3,30,1200,22,0,0,1,0,,,,,0
"Cane Sugar",Pantry,,387,0,100,0,0,0,0,0.1,1,0,100,1,2,1,0,0,0,0,0,0,1,0,,,,,0
"Cannellini Beans",Legumes,173757,139,9.7,25.1,0.4,0.1,102,0,3.7,63,6.3,0.3,90,452,1,1.4,0,0,0,0,0,1,0,,,,,1
Capers,Pantry,172236,23,2.4,4.9,0.9,0.02,23,0,1.7,33,3.2,0.4,40,40,2348,0.3,4.3,7,0.9,0,0,1,0,,,,,0
"Carom Seeds",Spices,,305,16,43,25,0.5,10,0,15,385,39,0,1034,1694,10,5,0,0,0,0,0,1,0,,,,,0
Carrot,Vegetable,,41,0.9,9.6,0.2,0.1,19,0,0.3,12,2.8,4.7,33,320,69,0.2,5.9,835,0.7,0,0,1,0,,,,,0
Carrots,Vegetables,170393,41,0.9,9.6,0.2,0.14,19,0,0.3,12,2.8,4.7,33,320,69,0.2,5.9,835,0.7,0,0,1,0,,,,,0
"Cashew Butter",Fats/Nuts,1104313,587,17.6,27.6,49.4,0.42,68,0,5,258,2,6.1,43,632,15,5.6,0,0,0.9,0,0,1,0,,,,,0
"Cashew Cream (Base)","Base Ingredient",,221.2,7.28,12.08,17.52,0.17,10,0,2.68,117.4,1.32,2.36,16.6,264,5.4,2.32,0.2,0,0.36,0,3.2,1,1,"161:40,284:60","Thick, dairy-free cream base.","Step 1: Soak cashews in hot water for 15 minutes.\nStep 2: Drain and blend with 60g filtered water until completely smooth.",,0
"Cashew Nuts",Fats/Nuts,170587,553,18.2,30.2,43.8,0.42,25,0,6.7,292,3.3,5.9,37,660,12,5.8,0.5,0,0.9,0,8,1,0,,,,,0
"Cassava Flour",Grains,1105151,358,1.4,86,0.1,0.09,27,0,0.3,21,5,3.5,16,271,14,0.3,20,1,0.2,0,0,1,0,,,,,0
Cauliflower,Vegetables,169986,25,1.9,5,0.3,0.18,57,0,0.4,15,2,1.9,22,299,30,0.3,48.2,0,0.1,0,0,1,0,,,,,0
"Cauliflower Florets",Vegetables,,25,1.9,5,0.3,0.18,57,0,0.4,15,2,1.9,22,299,30,0.3,48.2,0,0.1,0,0,1,0,,"Fresh raw cauliflower floret clusters","Clean cruciferous vegetable bases.",,0
"Cayenne Pepper",Spices,,318,12,56.6,17.3,2.45,106,0,7.8,152,27.2,10.3,148,2014,30,2.5,76.4,2080,29.8,0,0,1,0,,,,,0
Celery,Vegetables,169988,14,0.7,3,0.2,0.07,36,0,0.2,11,1.6,1.3,40,260,80,0.1,3.1,22,0.3,0,0,1,0,,,,,0
"Cheddar Cheese",Dairy,173414,403,24.9,1.3,33.1,0.07,18,0.8,0.7,28,0,0.5,721,98,621,3.1,0,265,0.3,0.6,8.6,1,0,,,,,0
"Cherry Tomato",Vegetable,,18,0.9,3.9,0.2,0.1,15,0,0.3,11,1.2,2.6,10,237,5,0.2,13.7,42,0.5,0,0,1,0,,,,,0
"Cherry Tomatoes",Vegetable,,18,0.9,3.9,0.2,0.1,15,0,0.3,11,1.2,2.6,10,237,5,0.2,13.7,42,0.5,0,0,1,0,,,,,0
"Chia Pudding","Base Ingredient",,257.58,4.1,15.3,21.83,0.0229,18.9375,0,3.5542,75.9583,6.6208,7.5375,104.0625,254.375,13.5208,1.1938,2.3063,0.4375,0.2188,0,1.24,1,1,"167:70,174:350,218:30",,,,0
"Chia Seeds",Fats/Nuts,170554,486,16.5,42.1,30.7,0,49,0,7.7,335,34.4,0,631,407,16,4.6,1.6,3,0.5,0,8,1,0,,,,,0
"Chicken Breast",Proteins,171077,165,31,0,3.6,0.6,4,0.3,1,28,0,0,15,256,74,1,0,6,0.3,0.1,8.4,1,0,,,,,0
"Chicken Broth","Soups & Broths",,15,2.5,0.5,0.2,0.01,1,0.1,0.2,4,0,0.2,8,90,280,0.1,0,0,0,0,0,1,0,,"A clean, slow-simmered artisanal chicken stock packed with natural collagen and trace micronutrients.",,,0
"Chicken thigh",Proteins,172388,209,26,0,10.9,0.4,7,0.3,1.3,23,0,0,11,269,87,2,0,41,0.3,0.1,2,1,0,,,,,0
"Chickpea Flour",Grains,174288,387,22.4,57.8,6.7,0.49,437,0,4.9,166,10.8,10.9,45,846,64,2.8,0,2,0.8,0,0,1,0,,,,,0
Chickpeas,Legumes,173752,164,8.9,27.4,2.6,0.1,172,0,2.9,48,7.6,4.8,49,291,7,1.5,1.3,1,0.3,0,0,0.85,0,,,,,1
"Chili Dried","Spices / Pantry",,324,11.2,57.1,5.8,2.2,40,0,8.2,152,28.7,10.4,45,1870,88,2.1,1.1,1020,0,0,0,1,0,,"Whole dried red chili pods used for sputtering.",,,0
"Chili Flakes",Spices,,324,12,50,17,2.1,0,0,7.8,152,27,10,148,2014,30,2.5,76,1492,28,0,0,1,0,,,,,0
"Chili Powder",Spices,,282,13.5,49.7,14.3,2.1,0,0,17.3,149,34.8,7.2,330,1950,286,4.3,0,2700,0,0,0,0.4,0,,"Ground dried chili pepper blend","Warm spice seasoning element.",,0
"Chilli Powder","Spices / Pantry",,282,13.5,49.7,14.3,2.1,51,0,17.3,149,34.8,7.2,330,1950,1640,4.3,7.2,1480,28.7,0,0,1,0,,"Vibrant ground red chili powder spice blend.",,,0
"Chives (Dried)",Spices,,311,21.2,64.3,3.5,0.1,0,0,8.3,280,26.2,0,689,2130,55,1.1,21,4353,0.2,0,0,1,0,,,,,0
"Cilantro (Dried)",Spices,,279,21.9,52.1,4.8,0.1,0,0,42.5,330,10.4,0,1246,4466,211,4.7,21,293,0,0,0,1,0,,,,,0
"Cilantro Lime Dressing (Base)","Base Ingredient",,412.86,0.89,5.67,44.43,0.0755,10.3648,0,1.4088,11.5346,0.805,0.805,32.5157,137.3962,984.1887,0.1635,15.3082,35.2704,6.717,0,3.522,1,1,"28:8,80:35,143:0.5,184:1,193:3,212:30,244:2","Bright cilantro-lime vinaigrette with garlic and cumin — for bowls, plant dishes, and herb-forward plates.","Step 1: Finely chop the coriander and mince the garlic.\nStep 2: Whisk olive oil, lime juice, garlic, cumin, salt, and pepper in a jar.\nStep 3: Stir in coriander just before serving.",,0
Cinnamon,Spices,172231,247,4,80.6,1.2,0.16,6,0,8.3,60,53.1,2.2,1002,431,10,1.8,3.8,15,2.3,0,0,1,0,,,,,0
"Classic Lemon Garlic Dressing (Base)","Base Ingredient",,505.06,0.53,4.55,55.34,0.0859,4.3067,0,0.5153,5.2393,0.3681,0.9693,14.9448,66.3436,953.546,0.1104,15.7791,0.5399,8,0,4.4172,1,1,"80:45,143:0.5,193:4,210:30,244:2","Everyday lemon-garlic vinaigrette with olive oil, salt, and pepper.","Step 1: Mince the garlic.\nStep 2: Whisk olive oil, lemon juice, garlic, salt, and pepper until combined.\nStep 3: Toss with salad just before serving.",,0
Clove,Spices,,274,6,65.5,13,0.39,0,0,11.8,259,33.9,2.4,632,1020,27,2.3,0.2,0,8.8,0,0,0.42,0,,"Ground aromatic dried clove buds","Pungent warm Levantine baking spice.",,0
"Cocoa Powder",Pantry,169593,228,19.6,57.9,13.7,0.12,32,0,13.9,499,33.2,1.8,128,1524,21,6.8,0,0,0.1,0,0,1,0,,,,,0
"Coconut Butter",Fats,,660,6,18,65,0.05,15,0,2.5,90,12,6,25,500,30,1.5,1,0,0.3,0,0,1,0,,,,,0
"Coconut Chia Pudding (Base)","Base Ingredient",,264.8,3.9,14.63,23.09,0.0244,19.1057,0,3.6463,71.061,5.9837,7.6911,90.4228,266.6341,171.9431,1.1423,2.5,0.3659,0.2236,0,0.98,1,1,"167:30,174:200,218:15,244:1","A creamy, mineral-rich base made with healthy fats and fiber, designed for easy meal prep and gut health.","Step 1: In a glass jar, whisk the chia seeds, honey, and salt into the coconut milk.\nStep 2: Cover and refrigerate for at least 4 hours or overnight.\nStep 3: Stir once before serving.",,0
"Coconut Chicken Curry",,,0,0,0,0,0,0,0,0,0,0,0,0,0,0,0,0,0,0,0,0,1,0,,,"Rich red curry with coconut milk and tender chicken; serve over jasmine rice with fresh Thai basil.",,0
"Coconut Cream",Fats,170174,330,3.6,6.6,34.7,0.06,16,0,3.3,100,2.2,3.3,18,540,35,1,2.8,0,0.2,0,8,1,0,,,,,0
"Coconut Flour",Grains,1105001,429,17.9,57.1,14.3,0.05,0,0,9,90,39.3,7.1,0,1928,143,2,0,0,0.3,0,0,1,0,,,,,0
"Coconut Meat",Fruits,170169,354,3.3,15.2,33.5,0.05,26,0,2.4,32,9,6.2,14,356,20,1.1,3.3,0,0.24,0,0,0.6,0,,"Fresh raw coconut meat, rich in medium-chain triglycerides and fiber.",N/A,,0
"Coconut Milk",Liquids,1103923,230,2.3,5.5,23.8,0.03,16,0,3.3,37,2.2,3.3,16,263,15,0.7,2.8,0,0.2,0,0,1,0,,,,,0
"Coconut Milk (Full Fat)",Liquids,,197,2,2.8,21.3,0.03,14,0,3.3,46,0,2,16,220,13,0.7,1,0,0.1,0,0,1,0,,,,,0
"Coconut Oil",Fats,171412,862,0,0,100,0,0,0,0.1,0,0,0,0,0,0,0,0,0,0.1,0,8,1,0,,,,,0
"Coconut Water",Liquids,170172,19,0.7,3.7,0.2,0.03,3,0,0.3,25,1.1,2.6,24,250,105,0.1,2.4,0,0,0,0,1,0,,,,,0
"Coffee (Black)",Liquids,171890,1,0.1,0,0,0,2,0,0,3,0,0,2,49,2,0,0,0,0,0,0,1,0,,,,,0
"Coriander Seeds",Spices,171323,298,12.4,55,17.8,0.61,0,0,16.3,330,41.9,0,709,1267,35,4.7,21,0,0,0,0,1,0,,,,,0
"Corn (Kernels)",Vegetables,169293,86,3.3,18.7,1.4,0.06,42,0,0.5,37,2,6.3,2,270,15,0.5,6.8,9,0.1,0,0,1,0,,,,,0
Cornmeal,Grains,169695,362,8.1,76.9,3.6,0.37,30,0,3.5,127,7.3,1.6,6,315,35,2.2,0,11,0.4,0,0,1,0,,,,,0
Couscous,Grains,169733,112,3.8,23.2,0.2,0.05,15,0,0.4,8,1.4,0.1,2,58,5,0.3,0,0,0.1,0,0,1,0,,,,,0
"Cranberries (D)",Fruits,171722,308,0.1,82.5,1.4,0.04,0,0,0.4,5,5.3,72.6,10,40,5,0.1,0.2,2,1.1,0,0,1,0,,,,,0
"Creamy Cajun Sauce (Base)","Base Ingredient",,90.39,2.42,9,5.81,0.2022,17.5581,0.0262,1.4494,27.0787,2.1124,2.5318,33.5243,275.2659,432.0599,0.4419,30.618,75.5056,0.9588,0,1.2135,1,1,"5:70,18:2,40:25,87:40,140:50,193:12,212:15,279:3,397:10,398:40","Rich creamy Cajun sauce with coconut cream, fire-roasted tomatoes, peppers, and reserved blackened spice rub.","Step 1: Sauté chopped red onion in olive oil for 3 minutes until softened.\nStep 2: Add diced red peppers, minced garlic, and reserved Blackened Seasoning (Base); cook 2 minutes until fragrant.\nStep 3: Add half the chicken broth. Whisk remaining broth with tapioca starch until smooth and add to the pan with drained Fire Roasted Tomatoes (Base), coconut cream, smoked paprika, and lime juice.\nStep 4: Simmer, stirring occasionally, until thickened. Taste and adjust salt, pepper, or cayenne.\nStep 5: Home batch reference: 4 garlic cloves, 2 red peppers, ½ medium red onion, ½ cup coconut cream, ½ cup well-drained fire-roasted tomatoes, 1 tbsp smoked paprika, 1 tbsp lime juice, and chicken broth slurry.",,0
"Creamy Cumin Hummus (Base)","Base Ingredient",,202.61,8.5,21.83,10.23,0.1129,124.0063,0,3.6865,48.3824,6.3448,3.279,107.5611,272.5517,145.4734,1.7179,3.8746,1.5611,0.2633,0,1.25,1,1,"170:100,184:1,193:3,210:10,244:0.5,255:25,284:20","Silky smooth blended chickpeas with rich tahini, garlic, and fresh cumin","Step 1: Place cooked chickpeas, minced garlic, sea salt, ground cumin, lemon juice, and tahini into a high-speed food processor.\nStep 2: Purée on high for 3 minutes until a thick paste forms.\nStep 3: Drop in ice cubes and slowly stream in cold filtered water while running the motor constantly to emulsify.\nStep 4: Process for another 2 to 3 minutes until the matrix turns ultra-creamy, pale, and light; chill before serving.",,1
Cucumber,Vegetable,,15,0.7,3.6,0.1,0.04,7,0,0.3,13,0.5,1.7,16,147,2,0.2,2.8,5,0.1,0,0,1,0,,,,,0
"Cucumber Pickle (Base)","Base Ingredient",,12.3,0.57,2.95,0.08,0.0328,5.7377,0,0.2541,10.6721,0.4098,1.3934,13.5082,120.8525,637.1803,0.1639,2.2951,4.0984,0.082,0,0,1,1,"65:100,238:20,244:2","Tangy, quick-pickled cucumber slices.","Step 1: Slice cucumbers thinly.\nStep 2: Toss with rice vinegar and sea salt.\nStep 3: Let sit for 10 minutes.",,0
"Cumin Seeds",Spices,171324,375,17.8,44.2,22.3,0.44,10,0,66.4,366,10.5,2.3,931,1788,168,4.8,7.7,64,3.3,0,0,1,0,,,,,0
"Curry Leaves",Herbs,2345214,108,6.1,18.7,1,0.2,0,0,0.9,42,6.4,0,830,0,0,0,4,0,0,0,0,0.3,0,,,,,0
"Curry Powder",Spices,,325,12.7,58.2,13.8,0.45,56,0,29.6,254,33.2,0,478,1543,52,4,11.4,0,21.8,0,0,0.45,0,,"Aromatic ground yellow curry powder mix","Warm complex earthy spice profile.",,0
"Curry Spice Mix",Spices,,325,12,55,13,0.4,20,0,16,175,32,2,800,1200,50,4,20,100,3,0,0,0.52,0,,"Aromatic warming curry powder spice mix","Clean whole spice curry seasoning.",,0
"Curry Vinaigrette (Base)","Base Ingredient",,483.53,0.83,5.98,52.52,0.0517,7.6379,0,1.8793,16.5862,1.8448,1.0862,27.8276,124.7241,4.1552,0.2586,17.2759,0.431,8.6207,0,4.1379,1,1,"80:30,210:25,345:3","Warm curry-spiced vinaigrette for lentil and grain salads.","Step 1: Whisk olive oil, lemon juice, and curry powder.\nStep 2: Toss with salad ingredients.",,0
"Dark Choc Chips",Pantry,170271,546,4.9,61.1,31.3,0.04,2,0,8,176,7,47.9,56,559,24,2.3,0,2,0.6,0,0.1,1,0,,,,,0
"Dark Chocolate Chips",Pantry,,546,4.9,61.1,31.3,0.04,2,0,8,176,7,47.9,56,559,24,2.3,0,2,0.6,0,0,1,0,,,,,0
"Date Sugar",Pantry,1104381,352,2.1,82,0.5,0.15,19,0,1.2,43,8,80,40,650,5,0.3,0,0,0,0,0,1,0,,,,,0
"Date Syrup",Sweeteners,,300,1,75,0.1,0.15,0,0,1.2,45,3,68,40,650,10,0.3,0,0,0,0,0,1.3,0,,"Pure, raw date syrup concentrated from whole dates with no added sugars or preservatives.",,,0
"Dates (Deglet)",Fruits,171726,282,2.5,75,0.4,0.17,19,0,1,43,8,63.4,39,656,2,0.3,0,10,0,0,0,1,0,,,,,0
"Dates (Khelas)",Fruits,,282,2.2,75,0.3,0.2,15,0,0.8,50,6.5,65,50,680,2,0.3,0,8,0.1,0,0,1,0,,"Soft Gulf khelas dates — natural sweetness for no-bake balls and bars.",,,0
"Dijon Mustard",Pantry,171325,66,4.4,6.4,3.9,0.1,7,0,1.6,48,4.3,2.8,58,152,1130,0.6,1.5,0,0.4,0,0,1,0,,"Prepared Dijon mustard with wine vinegar and mustard seed — for marinades and dressings.",,,0
"Dill (Fresh)",Spices,172234,43,3.5,7,1.1,0.19,150,0,6.6,55,2.1,0,208,738,61,0.9,85,386,0,0,0,1,0,,,,,0
Edamame,Legumes,168411,121,11.9,8.9,5.2,0.1,311,0,2.3,64,5.2,2.2,63,436,6,1.4,6.1,15,0.7,0,0,0.7,0,,,,,1
Egg,Protein,,155,12.6,1.1,10.6,0.12,44,0.9,1.2,10,0,1.1,50,126,124,1.1,0,140,1,2,15,1,0,,,,,0
"Egg White",Protein,172183,52,10.9,0.7,0.2,0.01,1,0.1,0.1,11,0,0.7,7,163,166,0.1,0,0,0,0,15,1,0,,,,,0
"Egg Whites",Proteins,,52,11,0.7,0.2,0,4,0.1,0.1,11,0,0.7,7,163,166,0,0,0,0,0,15,1.02,0,,"Pure liquid egg whites with zero yolks","Lean protein binding agent.",,0
Eggplant,Vegetables,169228,25,1,5.9,0.2,0.08,22,0,0.2,14,3,3.5,9,229,2,0.2,2.2,1,0.3,0,0,1,0,,,,,0
"Eggplant Dip (Mutabal) (Base)","Base Ingredient",,94.87,1.9,6.74,7.51,0.0785,24.7288,0,0.7288,17.6957,3.1337,3.0356,33.0503,221.4258,156.0049,0.4515,1.8896,1.0356,0.8761,0,0.53,1,1,"58:14,80:3,189:350,244:1.5,255:24,286:15","A traditional smoky, creamy roasted eggplant dip emulsified with rich sesame tahini, fresh lemon juice, garlic, and extra virgin olive oil.","Step 1: Roast the whole eggplant over an open flame or in a 425°F oven until the skin is charred and blackened and the flesh inside is completely soft.\nStep 2: Let cool slightly, then peel off the charred skin and drain any bitter juices from the flesh.\nStep 3: Place the eggplant flesh, minced raw garlic, lemon juice, tahini, sea salt, and extra virgin olive oil into a bowl and mash deeply with a fork or blend until smooth but slightly rustic.",,0
"Eggs (Large)",Proteins,171287,143,12.6,0.7,9.5,0.17,47,0.9,1.8,12,0,0.4,56,138,142,1.3,0,160,1.1,2,15,1,0,,,,,0
"Fennel Bulb",Vegetables,169234,31,1.2,7.3,0.2,0.05,27,0,0.7,17,3.1,3.9,49,414,52,0.2,12,24,0.6,0,0,1,0,,,,,0
"Fennel Seeds",Spices,170918,345,15.8,52.3,14.9,0.47,10,0,18.5,385,39.8,0,1196,1694,88,3.7,21,7,0,0,0,1,0,,,,,0
"Fermented Chimichurri (Base)","Base Ingredient",,104.83,1.62,8.16,8.09,0.2293,16.2739,0,1.3057,17.0064,1.879,0.707,59.758,181,3711.2038,0.3248,26.8726,37.2293,1.2866,0,0.98,1,1,"2:15,55:20,58:2,80:10,143:5,239:5,244:15,338:10","A deeply complex, robust herb condiment built on an intensive fresh herb blend and developed over a long fermentation cycle.","Step 1: Finely mince the fresh dill, parsley, fresh coriander, rosemary, thyme, garlic, and fresh red chili.\nStep 2: In a sterile glass fermentation jar, layer the minced herbs, garlic, fresh chilis, and dried chili flakes.\nStep 3: Pour in the apple cider vinegar and extra virgin olive oil, making sure all ingredients are completely submerged.\nStep 4: Seal with an airtight fermentation lid and let it mature in a cool, dark cupboard for 2-4 weeks to build its characteristic live-culture tang and depth.",,0
"Fire Roasted Tomatoes (Base)","Base Ingredient",,28.62,0.89,3.84,1.43,0.0788,14.7783,0,0.303,10.8399,1.1823,2.5616,9.9236,233.5148,100.4138,0.197,13.4975,41.3793,0.67,0,0.0985,1,1,"80:5,244:400","Fire-roasted tomatoes with charred skin peeled off and flesh well drained.","Step 1: Char whole tomatoes over an open flame or under a hot broiler until the skin is blackened all over.\nStep 2: Transfer to a bowl, cover, and steam 5 minutes; peel away blackened skin.\nStep 3: Core, chop the flesh, and drain well on paper towels before using.",,0
"Fish Sauce",Pantry,174531,35,5.1,3.7,0,0.48,0,0.1,0.8,170,0,3.7,43,288,7851,0.5,0,0,0,0,0,1,0,,,,,0
Flaxseeds,Fats/Nuts,169414,534,18.3,28.9,42.2,0.47,87,0,5.7,392,27.3,1.6,255,813,30,4.3,0.6,0,0.3,0,8,1,0,,,,,0
"French Lentils",Legumes,,116,9,20.1,0.4,0.18,181,0,3.3,36,7.9,1.8,19,369,2,1.3,1.5,1,0.1,0,0,1,0,,,,,0
"Fresh Basil",Herbs,,23,3.2,2.7,0.6,0.15,68,0,3.2,64,1.6,0.3,177,295,4,0.8,18,264,0.8,0,0,1,0,,"Fresh whole sweet basil leaves","Fragrant dynamic green herbal component.",,0
"Fresh Coriander",Herbs,169997,23,2.1,3.7,0.5,0.1,62,0,1.8,26,2.8,0.9,67,521,46,0.5,27,337,2.5,0,0,1,0,,,,,0
"Fresh Mint",Herbs,,70,3.75,14.89,0.94,0.13,114,0,5.08,80,8,0,243,569,31,1.11,31.8,212,0,0,0,1,0,,,,,0
"Fresh Oregano",Herbs,,265,9,68.9,4.3,1,274,0,36.8,270,42.5,4.1,1597,1260,25,2.7,2.3,85,18.3,0,0,1,0,,"Fresh green oregano leaves","Aromatic local whole herb element.",,0
"Fresh Parsley",Herbs,,36,3,6.3,0.8,0.09,152,0,6.2,50,3.3,0.8,138,554,56,1.1,133,421,0.8,0,0,1,0,,"Fresh flat-leaf parsley leaves","Crisp fresh green herb garnish.",,0
"GF Breadcrumbs",Pantry,,255,3.4,52,4.3,0.05,30,0,2.1,18,3.5,4.8,70,105,540,0.6,0,0,0.4,0,0,1,0,,,,,0
Galangal,Spices,,71,1.2,15,1,0.04,11,0,0.6,27,2,1.7,33,415,13,0.3,3.8,0,0.3,0,0,1,0,,,,,0
"Garam Masala",Spices,,321,11.2,53.4,12.1,0.3,0,0,17.5,180,33,0,630,1120,20,3.2,0,0,0,0,0,1,0,,"Aromatic blend of ground spices used in Indian cuisine.",,,0
"Garden Lemon Herb Dressing (Base)","Base Ingredient",,477.62,0.43,3.42,52.78,0.0263,11.5263,0,0.6842,8.8421,0.5,1,19.4737,75.2895,2.8289,0.1184,17.2368,19.1842,7.6447,0,4.2105,1,1,"68:3,80:40,210:30,344:3","Bright lemon and fresh herb vinaigrette for garden salads.","Step 1: Whisk olive oil and lemon juice in a small bowl.\nStep 2: Stir in chopped basil and mint.\nStep 3: Use immediately or refrigerate up to 2 days.",,0
Garlic,Vegetable,,149,6.4,33.1,0.5,1.2,3,0,1.7,25,2.1,1,181,401,17,1.2,31.2,0,0.1,0,0,1,0,,,,,0
"Garlic & Herb Marinade (Base)","Base Ingredient",,260.99,3.09,14.63,23,0.297,16.0644,0,2.8713,35.396,2.1782,1.0891,116.6089,396.6584,493.7624,0.5198,25.6188,142.401,3.5644,0,0,1,1,"41:1,58:9,80:0.3,143:0.3,171:0.3,193:6,212:20,244:0.5,256:1,401:1,402:1","Bright garlic-herb lime marinade with dried parsley, chive, tarragon, cilantro, ginger, and chili flakes.","Step 1: Whisk olive oil, lime juice, crushed garlic, dried parsley, chives, tarragon, cilantro, chili flakes, ground ginger, sea salt, and black pepper until combined.\nStep 2: Coat fish or chicken evenly and rest at least 15 minutes before cooking.\nStep 3: Home batch reference (1 serving): 0.04 cup olive oil, 2 cloves garlic, 1 tsp each dried parsley, chive, tarragon, and cilantro, ½ tsp chili flakes, salt and pepper, ½ tsp ground ginger, juice of 1 lime.",,0
"Garlic (Raw)",Vegetables,169230,149,6.4,33.1,0.5,1.24,3,0,1.7,25,2.1,1,181,401,17,1.2,31.2,0,0.1,0,0,1,0,,,,,0
"Garlic Powder",Spices,,331,16.6,72.7,0.7,1.65,0,0,5.7,77,9,2.4,401,1193,27,2.8,31.2,0,0.1,0,0,1,0,,,,,0
"Garlicky Green Beans (Base)","Base Ingredient",,75.3,1.95,8.02,4.72,0.1464,29.9212,0,1.036,24.2342,2.6126,3.018,43.1644,212.7027,224.5608,0.2365,12.3986,31.6216,1.0135,0,0.3604,1,1,"17:80,80:4,143:0.3,193:4,244:0.5","Quick-sautéed green beans with garlic and olive oil — side for mains and bowls.","Step 1: Trim green beans.\nStep 2: Stir-fry in olive oil with minced garlic until tender-crisp, 3–4 minutes.\nStep 3: Season with salt and pepper. Serve warm.",,1
Ghee,Fats,1104847,876,0.3,0,99.5,0,0,0,0,0,0,0,4,5,2,0,0,840,2.8,1.4,8,1,0,,,,,0
"Ghee (Clarified)",Fats,171414,876,0.3,0,99.5,0,0,0,0,0,0,0,4,5,2,0,0,840,2.8,1.6,8,1,0,,,,,0
Ginger,Vegetable,,80,1.8,17.8,0.8,0.2,11,0,0.6,43,2,1.7,16,415,13,0.3,5,0,0.3,0,0,1,0,,,,,0
"Ginger (Raw)",Spices,169231,80,1.8,17.8,0.8,0.16,11,0,0.6,43,2,1.7,16,415,13,0.3,5,0,0.3,0,0,1,0,,,,,0
Gochugaru,Spices,170932,282,14,50,13,2.1,100,0,15,150,25,10,150,1800,30,2.5,70,1500,10,0,0,1,0,,,,,0
"Gochugaru (Chili)",Spices,,282,14,50,13,2.1,100,0,15,150,25,10,150,1800,30,2.5,70,1500,10,0,0,1,0,,,,,0
Gochujang,Spices,1104884,214,3.6,46.4,1.8,0.1,10,0,2.5,35,3.6,25,40,280,2500,0.6,5,120,0.5,0,0,1,0,,,,,0
"Grape Leaves",Vegetables,170415,93,5.6,17.3,2.1,0.4,83,0,2.6,95,11,6.3,363,252,9,0.7,11.1,1376,2,0,0,1,0,,,,,0
"Grapefruit Lime Dressing (Base)","Base Ingredient",,170.24,0.5,7.07,16.44,0.0408,8.2857,0,0.2177,7.7143,0.8844,4.2721,12.4898,110.4626,528.3265,0.068,25.1429,25.4966,2.4626,0,1.3061,1,1,"80:12,143:0.5,212:20,244:1,331:40","Citrus dressing with fresh grapefruit and lime for tropical salads.","Step 1: Juice any drippings from the grapefruit segments.\nStep 2: Whisk with lime juice, olive oil, salt, and pepper.\nStep 3: Drizzle over salad and serve.",,0
"Grapefruit Sections",Fruits,,32,0.6,8.1,0.1,0.04,10,0,0.1,9,1.1,7,12,135,0,0.1,31.2,46,0.1,0,0,0.85,0,,"Fresh pink grapefruit segments, peeled with no pith","Tart juicy citrus segments.",,0
"Greek Yogurt",Dairy,171304,59,10.2,3.6,0.4,0.04,5,0.8,0.1,11,0,3.2,110,141,36,0.5,0,2,0,0,2,1,0,,,,,0
"Green Beans",Vegetables,169961,31,1.8,7,0.2,0.1,33,0,1,25,2.7,3.3,37,211,6,0.2,12.2,35,0.4,0,0,1,0,,"Fresh green snap beans.",,,1
"Green Cardamom",Spices,,311,10.8,68.5,6.7,0.2,0,0,13.9,229,28,0,383,1119,18,7.5,21,0,0,0,0,1,0,,"Aromatic green cardamom pods — seeds used for curry pastes and warm spice blends.",,,0
"Green Chiles",Vegetables,170481,40,2,9.5,0.2,0.28,23,0,1.2,25,1.5,5.2,18,340,7,0.4,242,48,0.7,0,0,1,0,,,,,0
"Green Papaya Juice",Liquids,,40,0.5,9,0.1,0.04,38,0,0.2,15,1.5,6,20,180,3,0.1,60,55,0.3,0,0,1,0,,"Fresh green papaya juice — natural tenderizer for tandoori marinades.",,,0
"Green Peas",Legumes,,81,5.4,14.5,0.4,0.2,65,0,1.5,33,5.7,5.7,25,244,5,1.2,40,38,0,0,0,1,0,,"Sweet green peas providing clean plant protein and essential dietary fiber.",,,0
"Ground Ginger",Spices,,335,9,71.6,4.2,0.63,0,0,19.8,184,14.1,0,116,1320,32,4.8,0,0,0,0,0,0.4,0,,"Fine ground dried ginger root powder","Zesty ground spice root element.",,0
"Hamour (Fish)",Proteins,175121,92,19.4,0,1,0.35,10,0.6,0.9,37,0,0,27,475,53,0.5,0,48,0.8,2.2,1.2,1,0,,,,,0
"Hamour Fillet",Proteins,,92,19.4,0,1,0.35,10,0.6,0.9,37,0,0,27,475,53,0.5,0,48,0.8,2.2,1.2,1,0,,,,,0
"Harissa Paste (Base)","Base Ingredient",,107.75,1.39,6.79,8.92,0.2467,28.4056,0,0.9333,17.0722,2.3122,3.3567,23.6178,262.6033,135.2767,0.3511,68.9956,115.9967,2.5256,0,0.6667,1,1,"18:7,29:30,80:75,140:400,143:1,171:4,179:4,184:2,193:25,244:3,261:400,388:2","House harissa: charred red peppers, garlic, tomatoes, smoked paprika, fresh red chillies, toasted spice mix, and olive oil blended to a brick-red paste.","Step 1: Toast the cumin seeds, fennel seeds, coriander seeds, and dried chilli flakes over medium heat in a dry pan until fragrant. Grind in a pestle and mortar until fine and set aside.\nStep 2: Char the red bell peppers until skins blacken. Cover and steam, then peel and remove seeds.\nStep 3: In a blender or food processor, combine the charred peppers, garlic, chopped tomatoes with their juice, smoked paprika, fresh red chillies, olive oil, ground spice mix, salt, and black pepper. Blend until a brick-red, vibrant paste forms.\nStep 4: Season to taste and transfer to jars.",,0
Hazelnuts,Fats/Nuts,170588,628,15,16.7,60.8,0.56,113,0,4.7,163,9.7,4.3,114,680,0,2.5,6.3,1,15,0,8,1,0,,,,,0
"Heavy Cream",Dairy,170859,340,2.8,2.7,36.1,0.03,4,0.2,0,7,0,2.7,65,95,27,0.2,0.6,418,0.8,1.1,3.2,1,0,,,,,0
"Hemp Seeds",Fats/Nuts,169457,553,31.6,8.7,48.8,0.6,110,0,8,700,4,1.5,70,1200,5,9.9,0.5,1,0.8,0,8,1,0,,,,,0
"Hing (Asafoetida)",Spices,1104881,290,4,68,1.1,0,0,0,39,80,4,0,690,50,50,0.4,0,0,0,0,0,1,0,,,,,0
"Homemade Coconut Milk","Base Ingredient",,70.8,0.66,3.04,6.7,0.01,5.2,0,0.48,7.2,1.8,1.24,5.2,71.2,4.8,0.22,0.66,0,0.048,0,0,1,1,"21:200,284:800","Fresh, additive-free coconut milk made from whole coconut meat, providing a pure alternative to store-bought.","Step 1: Blend coconut meat and filtered water on high speed until smooth.\nStep 2: Strain through a nut milk bag into a glass jar.",,0
"Honey (Raw)",Pantry,169640,304,0.3,82.4,0,0.02,2,0,0.4,2,0,82.1,6,52,4,0.2,0.5,0,0,0,0,1,0,,,,,0
"Honey Mustard Dressing (Base)","Base Ingredient",,524.2,0.51,15.03,52.75,0.0632,3.1368,0,0.6105,11.5579,0.8632,11.4211,17.2947,152.6316,819.2105,0.1158,10.8421,0.5474,7.7053,0,4.2105,1,1,"24:10,80:40,143:1,185:15,193:2,210:25,244:2","Sweet-sharp honey mustard vinaigrette with date syrup, mustard oil, and lemon.","Step 1: Mince the garlic.\nStep 2: Whisk olive oil, mustard oil, lemon juice, and date syrup until emulsified.\nStep 3: Stir in garlic, salt, and pepper.",,0
Horseradish,Spices,170479,48,1.2,11.3,0.7,0.07,57,0,0.4,27,3.3,8,56,246,314,0.8,24.9,1,0,0,0,1,0,,,,,0
"Hot Sauce",Pantry,1103975,11,0,1.8,0.4,0.05,0,0,0.4,7,0.7,1.1,11,141,2640,0.1,26,50,0.5,0,0,1,0,,,,,0
Hummus,Proteins,170503,166,7.9,14.3,9.6,0.18,59,0,1.6,71,6,0.3,38,228,379,1.1,0,2,1.1,0,1.5,1,0,,,,,0
"Iceberg Lettuce",Vegetables,169248,14,0.9,3,0.1,0.04,29,0,0.4,7,1.2,2,18,141,10,0.2,2.8,25,0.2,0,0,1,0,,,,,0
"Italian Herb Blend",Spices,,270,10,50,8,0,0,0,30,0,40,0,1500,1000,50,0,0,0,0,0,0,0.3,0,,"Dried blend of oregano, basil, rosemary, and thyme","Aromatic herb profile.",,0
Jalapeño,Vegetables,170495,29,0.9,6.5,0.4,0.21,27,0,0.3,15,2.8,4.1,12,248,3,0.1,118.6,54,0.4,0,0,1,0,,,,,0
"Jasmine Rice",Grains,1104384,143,3,31,0,0.04,4,0,0.3,5,0,0,0,15,0,0.3,0,0,0,0,0,1,0,,,,,0
"Kalamata Olives",Pantry,170919,239,1.1,4.3,25,0.02,1,0,1.3,4,2.1,0,64,36,1340,0.2,0,15,1.7,0,0,1,0,,,,,0
Kale,Vegetables,168421,35,2.9,4.4,1.5,0.15,29,0,1.6,33,4.1,1,254,348,53,0.4,93.4,241,0.7,0,0,1,0,,,,,0
"Kashmiri Chili Powder",Spices,,324,12,50,17,2.1,0,0,7.8,152,27,10,148,2014,30,2.5,76,1492,28,0,0,1,0,,"Mild vibrant red kashmiri chili powder for tandoori colour and gentle heat.",,,0
"Kidney Beans",Legumes,173745,127,8.7,22.8,0.5,0.1,130,0,2.2,45,6.4,0.3,35,405,2,1.1,1.2,0,0,0,0,0.8,0,,,,,1
Kimchi,Pantry,1103636,15,1.1,2.4,0.5,0.21,52,0,2.5,14,1.6,1.3,33,151,498,0.2,18,35,0.1,0,0,1,0,,,,,0
Kiwi,Fruits,,61,1.1,14.7,0.5,0.06,25,0,0.3,17,3,9,34,312,3,0.1,92.7,4,1.5,0,0,1,0,,,,,0
Kohlrabi,Vegetables,168434,27,1.7,6.2,0.1,0.15,16,0,0.4,19,3.6,2.6,24,350,20,0.3,62,2,0.5,0,0,1,0,,,,,0
"Koosa (Squash)",Vegetables,,17,1.2,3.1,0.3,0.22,24,0,0.4,18,1,2.5,16,261,8,0.3,17.9,10,0.1,0,0,1,0,,,,,0
"Lamb Chops",Proteins,174390,202,25,0,11,0.13,0,2.3,1.6,22,0,0,16,310,72,4.5,0,0,0.2,0.1,1.5,1,0,,,,,0
"Lamb Ground",Proteins,172465,283,16.6,0,23.4,0.11,2,2.1,1.6,21,0,0,16,222,59,3.4,0,0,0.2,0.1,1.5,1,0,,,,,0
Leeks,Vegetables,169245,61,1.5,14.2,0.3,0.23,64,0,2.1,28,1.8,3.9,59,180,20,0.1,12,83,0.9,0,0,1,0,,,,,0
"Lemon Juice",Liquids,168461,22,0.4,6.9,0.2,0.05,11,0,0.1,8,0.3,2.5,6,103,1,0.1,38.7,1,0.1,0,0,1,0,,,,,0
"Lemon Olive Dressing (Base)","Base Ingredient",,539.2,0.16,2.76,60.08,0.0267,4.4,0,0.4,3.2,0.12,1,3,41.8,1.6,0.04,15.48,0.4,8.68,0,4.8,1,1,"80:45,210:30","Simple lemon and olive oil vinaigrette.","Step 1: Whisk olive oil and lemon juice until combined.\nStep 2: Drizzle over salad just before serving.",,0
"Lemon Zest",Fruit,167746,30,0.7,10.5,0.2,0.04,8,0,0.6,6,2.8,1.7,33,102,2,0.1,29.1,3,0.2,0,0,1,0,,,,,0
"Lemon-Tahini Dressing (Base)","Base Ingredient",,385.35,8.23,14.28,35.65,0.1408,48.4085,0,4.3803,49.1268,4.7465,1.1549,208.7887,258.6901,1145.1831,2.1831,14.9437,2.0845,1.8169,0,4.507,1,1,"80:8,143:1,193:3,210:25,244:2,255:32","Classic lemon-tahini dressing with garlic, olive oil, salt, and pepper.","Step 1: Whisk tahini and lemon juice until smooth.\nStep 2: Stir in minced garlic, olive oil, salt, and pepper.\nStep 3: Thin with a splash of water if needed until pourable.",,0
Lemongrass,Spices,168573,99,1.8,25.3,0.5,0.07,75,0,8.2,60,0,0,65,723,6,2.2,2.6,0,0,0,0,1,0,,,,,0
"Lentils (Red)",Legumes,172422,116,9,20.1,0.4,0.2,181,0,3.3,36,7.9,1.8,19,369,2,1.3,1.5,0,0.1,0,0,0.8,0,,,,,1
"Lime Herb Dressing (Base)","Base Ingredient",,224.63,0.42,5.98,23.37,0.0465,11.3023,0,0.2558,6,0.4651,1.2558,11.186,107.7442,5.0698,0.0465,22.814,24.2093,3.6744,0,1.8605,1,1,"28:3,80:10,212:30","Fresh lime and herb dressing for tropical chicken salads.","Step 1: Whisk lime juice and olive oil.\nStep 2: Stir in chopped coriander.\nStep 3: Toss with salad or use as a light marinade.",,0
"Lime Juice",Liquids,168460,25,0.4,8.2,0.1,0.04,10,0,0,6,0.4,1.7,9,102,2,0,30,1,0.2,0,0,1,0,,,,,0
"Lime Leaves",Herbs,1103000,75,2.5,12,0.5,0.1,10,0,1.5,40,2,1,50,120,5,0.2,5,15,0.1,0,0,1,0,,,,,0
"Lime Zest",Fruit,168155,30,0.7,10.5,0.2,0.04,8,0,0.6,6,2.8,1.7,33,102,2,0.1,29.1,3,0.2,0,0,1,0,,,,,0
"Long Beans",Vegetables,171537,47,2.8,8.4,0.4,0.02,62,0,0.5,44,3.8,0,50,240,4,0.4,18.8,43,0,0,0,1,0,,,,,0
"Loomi (Black Lime)",Spices,,30,0.7,10.5,0.2,0.04,10,0,0.6,6,2.8,1.7,33,102,2,0.1,29.1,1,0.2,0,0,1,0,,,,,0
Mace,Spices,171326,475,6.7,50.5,32.4,0.16,76,0,13.9,163,20.2,0,252,463,80,2.1,21,40,0,0,0,1,0,,,,,0
Mackerel,Proteins,175118,205,18.6,0,13.9,0.4,1,8.7,1.6,76,0,0,12,314,90,0.6,0,48,1.5,16.1,1.5,1,0,,,,,0
Mango,Fruits,169910,60,0.8,15,0.4,0.12,43,0,0.2,10,1.6,13.7,11,168,1,0.1,36.4,54,0.9,0,0,1,0,,,,,0
"Mango Chutney Dressing","Base Ingredient",,7.95,0.1,1.05,0.6,0.0066,0.0227,0,0.19,4.8644,0.5272,0.0405,12.4328,16.9738,540.5969,0.0374,0.0143,0.0004,0.1938,0,0.03,1,1,"54:5,58:2,80:6,238:500,244:36,284:2000,292:4,342:40",,,,0
"Maple Syrup",Pantry,169661,260,0,67,0.1,0.01,0,0,1.2,21,0,60.5,102,212,12,1.5,0,0,0,0,0,1,0,,,,,0
"Marinara Sauce (Base)","Base Ingredient",,35.84,1.01,5.42,1.45,0.1283,21.7491,0,0.413,11.8393,1.5335,2.9944,17.3312,232.3961,75.2868,0.2283,29.3559,100.8238,0.7801,0,0.0987,1,1,"39:150,80:14,129:1,143:1,159:80,165:40,193:15,244:900,259:1,338:15,389:200","House tomato marinara with soffritto vegetables, roasted red peppers, and fresh herbs.","Step 1: Warm olive oil in a large pot over medium heat.\nStep 2: Dice onion, carrot, and celery. Mince garlic. Sauté in the oil until softened (8–10 min).\nStep 3: Add chopped tomatoes and simmer 20 minutes until broken down.\nStep 4: Prepare Roasted Red Bell Peppers (Base) per base recipe instructions. Stir into the pot with basil, thyme, and parsley. Season with salt and pepper.\nStep 5: Simmer 15–20 minutes, then blend until smooth. Adjust seasoning and keep warm.",,0
"Mediterranean Lemon Dressing (Base)","Base Ingredient",,453,0.2,3.45,50.1,0.0333,5.5,0,0.35,4,0.15,1.25,3.5,52,1.5,0.05,19.35,0.5,7.25,0,4,1,1,"80:30,210:30","Classic Mediterranean lemon vinaigrette.","Step 1: Whisk olive oil and lemon juice.\nStep 2: Toss with salad just before serving.",,0
"Medjool Dates",Fruits,,277,1.8,75,0.2,0.25,15,0,0.9,54,6.7,66.5,64,696,1,0.4,0,7,0.1,0,0,1,0,,,,,0
Millet,Grain,169702,119,3.5,23.7,1,0.1,19,0,0.6,44,1.3,0.1,3,62,2,0.6,0,0,0.1,0,0,1,0,,,,,0
"Millet Flour",Grains,169701,382,10.8,75.1,3.5,0.38,85,0,3.9,114,3.5,1.5,10,224,4,1.7,0,0,0,0,0,1,0,,,,,0
"Mint Coconut Chutney Dressing (Base)","Base Ingredient",,161.06,1.11,6.65,15.49,0.0782,21.4749,0,0.9609,15.7989,1.8436,1.1955,39.5754,178.8492,443.0056,0.2458,21.0056,51.1732,2.2682,0,1.0726,1,1,"28:8,29:3,68:8,80:12,143:0.5,193:2,212:30,244:1,313:25","Spicy Indian-style coconut-lime chutney dressing with mint and coriander.","Step 1: Finely chop mint, coriander, and chilli.\nStep 2: Whisk coconut milk, lime juice, olive oil, garlic, salt, and pepper.\nStep 3: Stir in herbs and chilli. Tag: Spicy.",,0
Miso,Pantry,172442,199,12.8,25.4,6,0.2,19,0,2.5,48,5.4,6.2,57,210,3728,2.6,0,4,0.1,0,0,1,0,,,,,0
"Miso Paste",Pantry,174278,199,11.7,26.5,6,0.2,19,0,2.5,48,5.4,6.2,57,210,3728,2.6,0,4,0,0,0,1,0,,,,,0
"Miso Tahini Dressing (Base)","Base Ingredient",,361.17,8.05,12.24,33.24,0.1212,39.5152,0,3.7576,42.7879,4.2424,0.9697,174.4394,194.6667,496.303,2.0909,0.9394,1.6212,0.2879,0,4,1,1,"193:2,215:8,238:8,246:8,255:25,284:15","Savory miso-tahini dressing with sesame oil and rice vinegar.","Step 1: Whisk tahini, miso, vinegar, and sesame oil until smooth.\nStep 2: Stir in garlic and thin with water to pourable.",,0
"Moroccan Spice Blend (Cumin Cinnamon Coriander)",Spices,,315,10,52,11,0.35,15,0,15,160,30,1,750,1100,45,3.5,15,80,2,0,0,0.5,0,,"Custom North African spice blend","Aromatic blend of ground cumin, cinnamon, and coriander seed.",,0
"Mung Beans",Legumes,175257,105,7,19.1,0.4,0.1,159,0,1.4,48,7.6,2,27,266,2,0.8,1,1,0.1,0,0,0.8,0,,,,,1
Mushrooms,Vegetables,169251,22,3.1,3.3,0.3,0.1,16,0,0.5,9,1,2,3,318,5,0.5,2.1,0,0,0.2,0,1,0,,,,,0
"Mustard Dressing (Base)","Base Ingredient",,558.2,0.33,3.42,61.91,0.0337,3.9326,0,0.4719,4.9213,0.4045,0.8652,10.0787,54.7079,872.7303,0.0674,13.3933,0.6404,9.0337,0,4.9438,1,1,"24:10,80:45,143:1,193:1,210:30,244:2","A sharp, zesty non-toxic dressing utilizing clean fats and a punch of warm mustard oil.","Step 1: Mince the raw garlic finely.\nStep 2: Whisk the extra virgin olive oil, mustard oil, and fresh lemon juice together in a small bowl.\nStep 3: Stir in the minced garlic, sea salt, and black pepper until completely emulsified.",,0
"Mustard Oil","Fats & Oils",171019,884,0,0,100,0,0,0,0,0,0,0,0,0,0,0,0,0,15.2,0,8,0.92,0,,,,,0
"Napa Cabbage",Vegetables,169229,16,1.2,3.2,0.2,0.05,79,0,0.3,13,1.2,1.4,77,238,11,0.2,27,16,0.1,0,0,1,0,,,,,0
Nutmeg,Spices,,525,6,49.2,36.3,0.16,76,0,3,183,20.8,2.8,184,350,16,2.1,3,102,0,0,0,0.45,0,,"Whole or freshly ground organic nutmeg kernels","Intensely aromatic and warm seed seasoning profile.",,0
"Nutritional Yeast",Pantry,1104888,400,53.3,33.3,0,30,2000,15,5.3,133,26.7,0,100,2000,133,13.3,0,0,0,0,0,1,0,,,,,0
"Oats (Rolled)",Grains,1101825,389,16.9,66.3,6.9,0.12,56,0,4.7,177,10.6,0,54,429,2,4,0,0,0.4,0,0,1,0,,,,,0
Okra,Vegetables,169255,33,1.9,7.5,0.2,0.21,60,0,0.6,57,3.2,1.5,82,299,7,0.6,23,36,0.3,0,0,1,0,,,,,0
"Olive Oil",Pantry,,884,0,0,100,0,0,0,0.6,0,0,0,1,1,2,0,0,0,14.4,0,0,1,0,,,,,0
"Olive Oil (Extra Virgin)",Fats,171413,884,0,0,100,0,0,0,0.6,0,0,0,1,1,2,0,0,0,14.4,0,8,1,0,,,,,0
"Onion Powder",Spices,,341,10.4,79.1,1,0.5,31,0,1.9,43,15.2,6.9,384,985,62,0.5,3.7,0,0.1,0,0,1,0,,"Dried ground onion — for rubs, spice blends, and savoury seasoning.",,,0
"Orange Juice",Fruit,169098,45,0.7,10.4,0.2,0.04,30,0,0.2,11,0.2,8.4,11,200,1,0.1,50,10,0.1,0,0,1,0,,,,,0
"Orange Sections",Fruits,,47,0.9,11.8,0.1,0.06,30,0,0.1,10,2.4,9.4,40,181,0,0.1,53.2,11,0.2,0,0,0.85,0,,"Fresh whole orange segments peeled with no pith","Juicy citrus segments.",,0
"Orange Zest",Fruit,168531,97,1.5,25,0.2,0.17,30,0,0.8,22,10.6,2.2,161,212,3,0.3,136,36,0.3,0,0,1,0,,,,,0
Oregano,Herbs,,265,9,68.9,4.3,1,274,0,36.8,270,42.5,4.1,1597,1260,25,2.7,2.3,85,18.3,0,0,1,0,,"Premium, aromatic dried oregano leaves high in iron and antioxidants for clean seasoning.",,,0
"Palm sugar",Pantry,1103905,383,0,98,0,0,0,0,0.1,0,0,94,0,0,10,0,0,0,0,0,0,1,0,,,,,0
"Panko / GF Crumbs",Pantry,174270,255,3.4,52,4.3,0.05,30,0,2.1,18,3.5,4.8,70,105,540,0.6,0,0,0.4,0,0,1,0,,,,,0
Paprika,Spices,,282,14.1,54,13,2.1,49,0,23.6,178,37.4,10.3,177,2280,34,4.3,0,2460,30,0,0,1,0,,,,,0
Parmesan,Dairy,170440,392,35.7,3.2,25.8,0.09,7,1.2,0.8,44,0,0.8,1184,92,1602,2.8,0,210,0.2,0.5,2.2,1,0,,,,,0
Parsley,Herbs,170431,36,2.97,6.33,0.79,0.09,152,0,6.2,50,3.3,0.85,138,554,56,1.07,133,421,0.75,0,0,1,0,,,,,0
Peach,Fruit,169931,39,0.9,9.5,0.3,0.02,4,0,0.3,9,1.5,8.4,6,190,0,0.2,6.6,16,0.7,0,0,1,0,,,,,0
"Peach Juice",Beverage,169123,54,0.3,13.1,0.1,0.015,2,0,0.36,6,0.5,12.5,5,120,4,0.05,1.2,11,0.5,0,0,1.05,0,,,,,0
"Peanut Butter",Fats/Nuts,1100557,588,24,21.6,50,0.44,74,0,1.9,154,8,9.2,49,649,17,2.5,0,0,9.1,0,0,1,0,,,,,0
"Peanut Butter Dressing (Base)","Base Ingredient",,275.92,7.39,21.78,18.96,0.2333,17.981,0,0.8429,47.2238,2.5905,15.9667,29.1429,337.4048,812.8952,0.6857,3.1429,3.081,2.3286,0,0.5952,1,1,"20:30,185:42,193:6,194:5,232:48,238:30,246:14,284:30,293:5","Thai-inspired peanut dressing with tamari, sesame, ginger, garlic, and date syrup.","Step 1: Whisk peanut butter with rice vinegar, date syrup, tamari, and sesame oil until smooth.\nStep 2: Stir in ginger, garlic, and chilli sauce.\nStep 3: Thin with water to a pourable consistency.",,0
"Peanuts (Crushed)",Nuts,,567,25.8,16.1,49.2,0.35,240,0,4.6,168,8.5,4.7,92,705,18,3.3,0,0,8.3,0,0,0.6,0,,"Raw crushed peanut pieces","Crunchy topping allocation.",,0
Pear,Fruit,169118,57,0.4,15.2,0.1,0.03,7,0,0.2,7,3.1,9.8,9,116,1,0.1,4.3,1,0.1,0,0,1,0,,,,,0
Pecans,Fats/Nuts,170188,691,9.2,13.9,72,0.21,22,0,2.5,121,9.6,4,70,410,0,4.5,1.1,3,1.4,0,8,1,0,,,,,0
"Pickled Red Onion (Base)","Base Ingredient",,20,0.65,3.87,0.19,0.1935,29.6774,0,0.2742,7.7742,1.3548,2.7097,5.2903,136.1935,1252.8387,0.1935,82.3871,101.2903,1.0323,0,0,1,1,"140:40,244:2","Tangy, vibrant pickled red onions.","Step 1: Slice onions into thin rings.\nStep 2: Submerge in apple cider vinegar and salt.\nStep 3: Let sit for 20 minutes before serving.",,0
"Pine Nuts",Fats/Nuts,170589,673,13.7,13.1,68.4,0.09,34,0,5.5,251,3.7,3.6,16,597,2,6.5,0.8,1,9.3,0,8,1,0,,,,,0
Pineapple,Fruits,169124,50,0.5,13.1,0.1,0.1,18,0,0.3,12,1.4,9.9,13,109,1,0.1,47.8,3,0,0,0,1,0,,"Raw fresh pineapple chunks, sweet and highly enzymatic.",,,0
"Pomegranate Juice",Beverages,174678,54,0.2,13.1,0.3,0.1,5,0,0.1,7,0.1,12.7,11,214,9,0.1,0.1,0,0,0,0,1,0,,"Pure, unsweetened fresh pomegranate juice, tart and deeply antioxidant-rich.",,,0
"Pomegranate Seeds",Fruits,169131,83,1.7,18.7,1.2,0.1,38,0,0.3,12,4,13.7,10,236,3,0.4,10.2,0,0.6,0,0,1,0,,"Fresh pomegranate arils, vibrant red and juicy with a crisp seed center.",,,0
"Pomegranate Sumac Sauce (Base)","Base Ingredient",,132.54,1.07,13.77,8.84,0.1611,6.1444,0,1.4694,14.1361,1.1639,9.4972,32.5833,275.3361,336.0972,0.2444,9.4056,9.525,1.575,0,0.6667,1,1,"80:30,90:235,143:1,193:20,210:30,244:3,252:7,259:4,262:30","A tart pomegranate-sumac marinade with garlic and thyme for sumac chicken skewers.","Step 1: Whisk together the olive oil, pomegranate juice, lemon juice, tomato paste, sumac, black pepper, and sea salt until well combined.\nStep 2: Stir in the coarsely chopped garlic cloves and fresh thyme sprigs.\nStep 3: Pour into a large ziplock bag with the chicken, massage everything together, and marinate for at least 2 hours or overnight.",,0
Potato,Vegetables,170026,77,2,17.5,0.1,0.3,16,0,0.8,23,2.2,0.8,12,421,6,0.3,19.7,0,0.01,0,0,0.85,0,,,,,0
Prawns,Proteins,175179,99,24,0.2,0.3,0.1,2,1.3,0.5,37,0,0,70,259,111,1.1,2.2,54,1.9,0.1,1.5,1,0,,,,,0
"Preserved Lemon",Condiments,2345511,25,0.5,6,0.2,0.04,5,0,0.4,6,2.5,1.2,20,80,1200,0.1,15,1,0.1,0,0,1.05,0,,,,,0
"Protein Powder (Isolate)",Supplements,,360,90,0,1,0,0,0,0,0,0,0,0,0,0,0,0,0,0,0,0,0.4,0,,"Clean unflavored whey or plant isolate protein powder","Pure protein isolate reinforcement.",,0
"Psyllium Husks",Pantry,1103366,378,0,88.9,0,0,0,0,0,0,77.8,0,0,0,111,0,0,0,0,0,0,1,0,,,,,0
Pumpkin,Vegetables,168448,26,1,6.5,0.1,0.08,16,0,0.8,12,0.5,2.8,21,340,1,0.3,9,426,0.4,0,0,1,0,,"Fresh pumpkin — cubed and roasted for Thai curries and autumn plates.",,,0
"Pumpkin Seeds",Fats/Nuts,170556,559,30.2,10.7,49.1,0.14,58,0,8.8,592,6,1.4,46,809,7,7.8,1.9,1,0.6,0,8,1,0,,,,,0
Quinoa,Grain,168877,120,4.4,21.3,1.9,0.1,42,0,1.5,64,2.8,0.9,17,172,7,1.1,0,0,0.6,0,0,1,0,,,,,0
"Quinoa (Base)","Base Ingredient",,39.87,1.46,7.08,0.63,0.0399,13.9535,0,0.4983,21.9302,0.9302,0.299,7.7209,57.1495,131.7542,0.3654,0,0,0.1993,0,0.37,1,1,"236:100,244:1,284:200","Perfectly cooked, fluffy white quinoa seasoned lightly with clean sea salt to serve as a versatile meal base.","Step 1: Rinse quinoa thoroughly under cold water.\nStep 2: Bring filtered water and sea salt to a boil in a saucepan.\nStep 3: Add quinoa, reduce heat to low, cover, and simmer for 15 minutes.\nStep 4: Remove from heat and let sit covered for 5 minutes, then fluff with a fork.",,0
"Quinoa (White)",Grains,168874,120,4.4,21.3,1.9,0.12,42,0,1.5,64,2.8,0.9,17,172,7,1.1,0,0,0.6,0,1.1,1,0,,,,,0
"Quinoa Bread (Base)","Base Ingredient",,227.43,7.9,35.98,5.82,0.28,103.232,0,2.592,110.872,3.928,0.024,27.864,317.408,313.376,1.736,0.144,0.08,1.688,0,0,1,1,"43:70,58:3,244:1,272:1,284:50","A dense, clean, and fiber-rich gluten-free alternative bread made entirely from wholesome whole quinoa flour base.","Step 1: Whisk the dry quinoa flour, sea salt, and baking powder together thoroughly in a mixing bowl.\nStep 2: Stream in the filtered water and extra virgin olive oil, mixing continuously until a thick, structured batter forms.\nStep 3: Transfer the batter mixture into a prepared mini loaf pan and bake at 375°F (190°C) for 25 to 30 minutes until fully set and the top crust turns golden brown.",,0
"Quinoa Flatbread (Base)","Base Ingredient",,149.56,4.07,18.51,6.67,0.1471,53.1324,0,1.3603,57.5147,2.0221,0.0147,15.875,163.4265,446.7941,0.8971,0.0735,0.0441,1.3971,0,0,1,1,"58:5,244:1,284:60,303:70","A simple, two-ingredient gluten-free flatbread made from wholesome quinoa flour, pan-seared until light, pliable, and perfectly tender for dipping.","Step 1: In a small mixing bowl, whisk together the quinoa flour and sea salt.\nStep 2: Pour in the filtered water and half of the olive oil, stirring continuously to form a smooth, workable dough.\nStep 3: Divide dough into balls and roll flat between two sheets of parchment paper.\nStep 4: Heat a non-stick skillet over medium-high heat with the remaining olive oil, and cook the flatbread for 2 to 3 minutes per side until lightly golden brown and flexible.",,0
"Quinoa Flour","Grains & Flours",,368,14.1,64.2,6.1,0.5,184,0,4.6,197,7,0,47,563,5,3.1,0,0,2.4,0,0,1,0,,,,,0
Raisins,Fruits,,299,3.1,79.2,0.5,0.17,5,0,1.9,32,3.7,59.2,50,749,11,0.2,2.3,0,0.1,0,0,0.65,0,,"Unsweetened naturally dried purple grapes","Whole food sweetness elements.",,0
"Ras El Hanout",Spices,,320,11,50,12,1.5,40,0,25,160,25,5,450,1500,50,3.5,30,250,15,0,0,1,0,,,,,0
Raspberries,Fruits,167755,52,1.2,11.9,0.7,0.06,21,0,0.7,22,6.5,4.4,25,151,1,0.4,26.2,2,0.9,0,0,1,0,,,,,0
"Ratatouille (Base)","Base Ingredient",,99.67,2.29,17.34,5.39,0.1995,20.8128,0,2.92,63.8362,8.1071,2.7919,138.6663,374.75,899.5123,0.7007,23.6823,63.9163,2.5936,0,0.14,1,1,"80:12,129:15,140:100,189:150,244:15,260:10,272:200,277:10,299:30,342:150","A rich, deeply flavored Mediterranean vegetable stew slow-simmered with sweet peppers, onions, eggplant, zucchini, Harissa Paste (Base), savory anchovies, and fresh basil.","Step 1: Halve zucchini lengthways and slice eggplant 1cm thick, then roast at 400°F until tender.\nStep 2: Chop roughly.\nStep 3: Chop peppers and onions, then sauté in a pan with Harissa Paste (Base), anchovies, and a teaspoon of their oil.\nStep 4: Add crushed garlic.\nStep 5: Stir in roasted zucchini, eggplant, tomato paste, and vinegar.\nStep 6: Simmer with the lid on until flavors meld, finishing with fresh torn basil leaves.",,0
"Red Chili",Vegetables,,40,1.9,8.8,0.4,0.5,23,0,1,23,1.5,5.3,14,322,9,0.3,143.7,48,0.7,0,0,1,0,,"Fresh hot red chili peppers, providing vibrant heat and high vitamin C capsicum notes.",,,0
"Red Onion",Vegetables,169998,40,1.1,9.34,0.1,0.12,19,0,0.21,10,1.7,4.2,23,146,4,0.17,7.4,0,0.02,0,0,1,0,,,,,0
"Red Pepper Dressing (Base)","Base Ingredient",,239.83,0.83,5.3,24.2,0.1922,24.5285,0,0.4685,8.8408,1.3514,2.6006,14.1141,143.976,236.8348,0.2042,63.1832,75.5195,4.2342,0,1.92,1,1,"39:20,80:40,113:20,140:80,143:0.5,193:5,244:1","A vibrant, emulsified sweet red pepper dressing balanced with zesty apple cider vinegar and clean extra virgin olive oil.","Step 1: Roughly chop the bell pepper, white onion, and garlic.\nStep 2: Place them into a high-speed blender along with the apple cider vinegar, sea salt, and black pepper.\nStep 3: Blend on high until completely smooth.\nStep 4: Lower the blender speed and slowly stream in the extra virgin olive oil until the dressing is fully emulsified.",,0
"Red Thai Chillies",Vegetables,168574,40,1.9,8.8,0.4,0.5,23,0,1,23,1.5,5.3,14,322,9,0.3,143.7,48,0.7,0,0,1,0,,,,,0
"Red Thai Curry Paste (Base)","Base Ingredient",,214.91,3.86,12.14,18.76,0.2532,24.1645,0.0194,4.2468,79.6581,3.4839,3.9452,64.2597,439.65,1536.8758,1.0032,11.7968,42.8323,0.8081,0,0.1935,1,1,"10:6,28:30,29:15,30:5,67:2,89:120,99:45,104:15,143:1.5,171:10,174:400,179:12,193:20,212:30,221:40,238:2,246:15,284:30","House-made red Thai curry paste with toasted spices, aromatics, fish sauce, and coconut milk.","Step 1: Toast coriander seeds, green cardamom, dry red chilies, black peppercorns, and cumin in a dry pan until fragrant; grind to a fine powder.\nStep 2: Roughly chop garlic, shallots, galangal, lemongrass (lower half of stalks), coriander stems, and Thai chilies.\nStep 3: Blend the chopped aromatics with lime zest, lime juice, lime leaves, ground spices, sesame oil, and filtered water until a smooth paste forms.\nStep 4: Stir in fish sauce and coconut milk until fully combined.\nStep 5: Store refrigerated and use as the base for red Thai curries.",,0
"Red Wine Vinegar",Pantry,172242,6,0,0.3,0,0,0,0,0.5,4,0,0,6,39,8,0,0,0,0,0,0,1,0,,,,,0
Rice,,,0,0,0,0,0,0,0,0,0,0,0,0,0,0,0,0,0,0,0,0,1,0,,,,,0
"Rice Flour","Grains & Flours",,366,6,80,1.4,0.43,4,0,0.4,11,2.4,0.1,10,76,0,0.8,0,0,0,0,0,0.55,0,,"Finely milled gluten-free white rice flour","Used as a non-toxic binding matrix for fritters and bakes.",,0
"Rice Vinegar",Pantry,172241,0,0,0,0,0,0,0,0,0,0,0,0,2,1,0,0,0,0,0,0,1,0,,,,,0
"Ricotta (Goat)",Dairy,171279,150,9,4,11,0.04,12,0.4,0.4,11,0,3.5,200,120,100,1.1,0,110,0.2,0.2,2,1,0,,,,,0
"Roasted Cherry Tomato (Base)","Base Ingredient",,71.49,1.06,5.2,5.78,0.1101,17.3211,0,0.8807,15.4924,1.9327,2.4404,34.2569,249.1621,123.7737,0.2324,12.5994,39.9021,1.4862,0,0,1,1,"4:2,45:150,58:9,143:2,244:0.5","Slow-roasted, herb-infused sweet cherry tomatoes concentrated in flavor with clean fats.","Step 1: Preheat oven to 180°C.\nStep 2: Toss cherry tomatoes with extra virgin olive oil, oregano, thyme, and sea salt.\nStep 3: Spread evenly on a parchment-lined baking sheet.\nStep 4: Roast for 20-25 minutes until the skins are wrinkled and blistered.\nStep 5: Cool and store with the released cooking juices.",,0
"Roasted Mixed Vegetables (Base)","Base Ingredient",,57.16,1.07,6.86,3.41,0.146,24.1524,0,0.5873,22.5492,2.0825,2.6032,27.8667,275.4476,127.7714,0.2413,14.2032,174.8825,1.0317,0,0.254,1,1,"80:10,152:100,189:100,220:100,239:2,244:1,259:2","Roasted koosa, eggplant, and butternut squash with sea salt, rosemary, and thyme.","Step 1: Preheat oven to 200°C and line a tray with parchment paper.\nStep 2: Dice koosa, eggplant, and butternut squash into 2–3 cm cubes.\nStep 3: Toss with olive oil, sea salt, rosemary, and thyme until evenly coated.\nStep 4: Spread in a single layer and roast 25–30 minutes until tender and golden at the edges.\nStep 5: Serve warm as a side or fold into mains.",,0
"Roasted Red Bell Peppers (Base)","Base Ingredient",,46.48,1.01,6.06,2.05,0.2864,45.4838,0,0.475,12.3891,2.1551,4.1146,10.1572,209.9721,71.6975,0.3004,124.8935,153.7234,1.8477,0,0.1397,1,1,"4:0.5,80:5,140:280,143:0.3,244:0.5","Two roasted red bell peppers with oregano — sub-base for marinara and tomato sauces.","Step 1: Halve the red bell peppers and remove seeds and stems.\nStep 2: Toss with olive oil, oregano, sea salt, and black pepper.\nStep 3: Roast at 200°C until charred and tender (25–30 min).\nStep 4: Cool, peel if desired, and reserve the flesh and any juices.",,0
Rocca,Vegetables,,25,2.6,3.7,0.7,0.1,97,0,1.5,47,1.6,2.1,160,369,27,0.5,15,119,0.4,0,0,1,0,,"Fresh, peppery green rocca leaves (arugula) rich in Vitamin K and calcium for clean salad bases.",,,0
Romaine,Vegetable,169249,17,1.2,3.3,0.3,0.1,136,0,1,14,2.1,1.2,33,247,8,0.2,4,436,0.1,0,0,1,0,,,,,0
"Romaine Lettuce",Vegetable,,17,1.2,3.3,0.3,0.1,136,0,1,14,2.1,1.2,33,247,8,0.2,4,436,0.1,0,0,1,0,,,,,0
"Rosemary (Fresh)",Spices,172239,131,3.3,20.7,5.9,0.34,109,0,6.7,91,14.1,0,317,668,26,0.9,21.8,156,0.7,0,0,1,0,,,,,0
"Rosemary Garlic Chicken (Base)","Base Ingredient",,189.98,24.89,2.2,8.63,0.5276,5.9685,0.2362,1.0709,27.0709,0.5354,0.2992,26.4016,240.4016,317.5512,0.874,3.8268,7.3071,1.0709,0.0787,7.0551,1,1,"80:7,143:0.3,168:100,193:4,210:8,239:2,244:0.7,380:5","Premium grilled chicken breast marinated with garlic, rosemary, Dijon mustard, and lemon.","Step 1: Mince the garlic and finely chop the rosemary leaves.\nStep 2: Whisk olive oil, lemon juice, Dijon mustard, garlic, rosemary, salt, and pepper into a marinade.\nStep 3: Rub the marinade evenly over the chicken breast and rest at least 15 minutes.\nStep 4: Sear on a hot grill or heavy skillet for 5–6 minutes per side until charred and the internal temperature hits 74°C.\nStep 5: Rest for 5 minutes before slicing.",,0
Saffron,Spices,171328,310,11.4,65.4,5.9,1.01,93,0,11.1,264,3.9,0,111,1724,148,1.1,80.8,27,0,0,0,1,0,,,,,0
"Saffron Rice (Base)","Base Ingredient",,13.12,0.34,3.76,0.02,0.0049,0.5425,0,0.0113,1.3004,0.0874,0.0113,2.9101,2.719,168.1004,0.0648,0,0,0,0,0,1,1,"71:0.5,244:2,284:400,286:200","Fragrant, bright yellow steamed basmati rice infused with a premium pinch of genuine saffron and balanced with a clean hint of fresh lemon citrus.","Step 1: Combine white basmati rice, filtered water, a good pinch of saffron, half a lemon shell, and a pinch of sea salt in a small saucepan.\nStep 2: Cover tightly and bring to a boil, then reduce heat to low and steam until fluffy, stirring occasionally.\nStep 3: Remove lemon shell before serving.",,0
"Saffron Threads",Spices,,310,11.4,65.4,5.9,1.01,93,0,11.1,264,3.9,0,111,1724,148,1.1,80.8,27,0,0,0,0.4,0,,"Premium local saffron stigma threads","Genuine local saffron for golden color and luxury aroma.",,0
"Sage (Dried)",Spices,171327,315,10.6,60.7,12.7,2.69,274,0,28.1,428,40.3,1.7,1652,1070,11,4.7,32.4,295,7.5,0,0,1,0,,,,,0
Salmon,Protein,173686,208,20.4,0,13.4,0.6,26,3.2,0.3,27,0,0,9,363,59,0.4,0,12,1.1,11,1.5,1,0,,,,,0
"Salmon (Raw)",Proteins,175167,208,20.4,0,13.4,0.64,26,3.2,0.3,27,0,0,9,363,59,0.4,0,12,1.1,11,1.5,1,0,,,,,0
"Sardines (Canned)",Proteins,175139,208,24.6,0,11.5,0.17,10,8.9,2.9,39,0,0,382,397,307,1.3,0,32,2,4.8,1.5,1,0,,,,,0
"Sauteed Mint Basil Koosa (Base)","Base Ingredient",,101.33,3.78,16.98,3.94,0.43,35.29,0,2.33,52.78,5.4,3.2,115.78,570.26,5828.76,0.7,25.6,25.57,0.73,0,0,1,1,"55:10,58:3,68:2,129:2,143:15,220:120,244:15","Pan-seared koosa rounds tossed with fresh hand-torn mint and basil leaves","Step 1: Sauté uniform koosa squash coins in extra virgin olive oil over medium-high heat until skin edges char and turn deep golden.\nStep 2: Remove from heat source and fold fresh soft mint and sweet basil leaves directly over the hot squash matrix.",,0
"Sea Salt",Pantry,,0,0,0,0,0,0,0,0.3,1,0,0,24,2,38758,0.1,0,0,0,0,0,1,0,,,,,0
"Seaweed (Nori)",Vegetables,170487,35,5.8,5.1,0.3,0.15,146,0,1.1,20,0.3,0.5,70,356,48,1.1,3,260,1,0,0,1,0,,,,,0
"Sesame Oil",Fats,171415,884,0,0,100,0,0,0,0,0,0,0,0,0,0,0,0,0,1.4,0,8,1,0,,,,,0
"Sesame Seeds",Fats/Nuts,170155,573,17.7,23.5,49.7,0.79,97,0,14.6,351,11.8,0.3,975,468,11,7.8,0,1,0.3,0,8,1,0,,,,,0
Shallots,Vegetables,170000,72,2.5,16.8,0.1,0.35,60,0,1.2,21,3.2,7.9,37,334,12,0.4,8,6,0,0,0,1,0,,,,,0
"Shawarma Spice Blend",Spices,,300,10,55,10,0.3,15,0,12,180,12,0,300,900,50,3,0,0,0,0,0,0.55,0,,"Levant shawarma spice mix","A clean aromatic blend of cumin, allspice, garlic, and cinnamon.",,0
"Shrimp (Raw)",Proteins,,85,20.1,0,0.5,0.11,2,1.3,0.5,37,0,0,70,259,111,1.1,2.2,54,1.9,0.1,1.5,1,0,,"Raw wild-caught clean shrimp","Premium lean marine protein element.",,0
Sirloin,Protein,170201,244,26.5,0,15.3,0.4,7,2.1,1.9,22,0,0,7,342,54,4.8,0,0,0.2,0,1.5,1,0,,,,,0
"Slaw (Base)","Base Ingredient",,31.83,0.9,7.49,0.17,0.1127,15.7746,0,0.3944,11.2817,2.169,3.7183,31.6056,248.7606,592.3662,0.169,19.3803,486.1972,0.4225,0,0,1,1,"66:40,153:20,244:1","Simple shredded cabbage and carrot slaw.","Step 1: Finely shred the purple cabbage and grate the carrots.\nStep 2: Toss together with vinegar and sea salt until combined.",,0
"Smashed White Beans (Base)","Base Ingredient",,165.65,7.03,18.79,7.46,0.0843,73.5679,0,2.7414,46.2571,4.6229,0.3664,67.8321,336.4464,416.3714,1.0193,2.4343,0.1536,1.0386,0,0.66,1,1,"80:100,143:5,156:1000,193:10,210:80,244:15","Silky white beans slowly simmered and infused with garlic and olive oil emulsion.","Step 1: Soak dry cannellini beans in 4 liters of filtered water for 12 hours; drain and rinse thoroughly.\nStep 2: Place soaked beans in a large pot with 3 liters of fresh water; bring to a boil, then reduce heat to a very low simmer for 60 minutes.\nStep 3: Once bean bodies are perfectly tender, remove from heat and drain out excess liquid.\nStep 4: Stir in sautéed garlic, sea salt, black pepper, and fresh lemon juice while the beans are hot.\nStep 5: Stream extra virgin olive oil slowly into the pot while folding gently; smash 20% of the bean base with a wooden mallet to finish.",,1
"Smoked Paprika",Spices,,282,14.1,54,13,2.1,49,0,23.6,178,37.4,10.3,177,2280,34,4.3,0,2460,30,0,0,1,0,,"Deeply aromatic Spanish smoked paprika.",,,0
"Sorghum Flour",Grains,169715,359,8.4,76.6,3.3,0.44,20,0,3.4,134,6.6,1.9,13,350,2,2.1,0,0,0.5,0,0,1,0,,,,,0
"Soy Sauce",Condiments,174277,53,8.1,4.9,0.1,0.2,18,0,1.5,40,0.8,0.4,33,435,5493,0.4,0,0,0,0,0,1.2,0,,,,,1
"Spiced Aleppo Ground Beef (Base)","Base Ingredient",,248,21.4,4.2,16.5,0.28,12,1.9,2.4,25,1.1,1.8,24,312,285,4.8,2.1,38,0.6,0,1.5,0.96,1,,"Warm pan-seared ground beef heavily aromatic with Aleppo pepper and warm Levant spices","1. Heat olive oil in a wide skillet. Add diced red onions and sauté for 5 minutes. 2. Add ground beef, breaking it up fine. 3. Shake all spices evenly over the meat. 4. Cook for 8 to 10 minutes until fully browned.",,0
"Spiced Lemon Dressing (Base)","Base Ingredient",,436.84,1.19,6.37,47.05,0.0734,6.4771,0,3.2844,21.9633,1.4495,1.4312,45.1376,167.3945,719.5046,0.3119,18.0367,48.2018,7.3394,0,3.6697,1,1,"18:1,80:25,143:0.5,184:2,210:25,244:1","Cumin and lemon dressing for roasted vegetable salads.","Step 1: Whisk olive oil, lemon juice, cumin, paprika, salt, and pepper.\nStep 2: Use half to roast vegetables and half to finish the salad.",,0
"Spicy Green Chilli Sauce (Base)","Base Ingredient",,329.94,1.83,7.65,33.93,0.2018,30.1958,0,1.9789,24.0211,2.2018,2.1416,46.4699,300.3012,249.0241,0.4488,89.6596,129.3343,6.0151,0,2.6506,1,1,"28:35,80:110,84:90,143:2,171:8,179:1,184:1,193:12,210:35,238:1,244:2,338:35","A vibrant, fiery green condiment blended with fresh herbs, garlic, citrus, and toasted spices.","Step 1: Toast black peppercorns, cumin seeds, coriander seeds, and cardamom seeds in a dry pan until fragrant, then grind.\nStep 2: In a high-speed blender, combine the ground spices, sea salt, cilantro, parsley, chopped green chiles, dried chiles, crushed garlic, and lemon juice.\nStep 3: Stream in extra virgin olive oil slowly while blending until a uniform sauce forms.",,0
Spinach,"Vegetables and Vegetable Products",,23,2.9,3.6,0.4,0.19,194,0,2.7,79,2.2,0.4,99,558,79,0.53,28.1,469,2,0,0,1,0,,,,,0
"Spinach (Fresh)",Vegetables,168462,23,2.9,3.6,0.4,0.2,194,0,2.7,79,2.2,0.4,99,558,79,0.5,28.1,469,2,0,0,1,0,,,,,0
"Split Peas",Legumes,172428,118,8.3,21.1,0.4,0.2,65,0,1.3,36,8.3,2.9,14,362,2,1,0.4,0,0,0,0,0.8,0,,,,,1
"Spring Onion",Vegetables,170010,32,1.83,7.34,0.19,0.06,64,0,1.48,20,2.6,2.3,72,276,16,0.39,18.8,50,0.55,0,0,1,0,,,,,0
Sriracha,Pantry,1104883,100,2.1,19,1.2,0.15,5,0,0.8,15,2.3,16,22,230,2340,0.4,35,50,0.5,0,0,1,0,,,,,0
"Star Anise",Spices,171321,337,17.6,50,15.9,0,0,0,37,170,14.6,0,646,1441,16,4.4,21,15,0,0,0,1,0,,,,,0
"Steamed Basmati Rice (Base)","Base Ingredient",,40.2,1.03,11.53,0.07,0.0166,1.6611,0,0.0332,1.9967,0.2658,0.0332,2.7375,8.3123,129.4286,0.1993,0,0,0,0,0,1,1,"71:100,244:1,284:200","Perfectly fluffy, clean-steamed white basmati rice lightly seasoned with mineral-rich sea salt.","Step 1: Thoroughly rinse white basmati rice under cold water until the water runs completely clear to remove excess surface starch.\nStep 2: In a heavy-bottomed pot, bring filtered water and sea salt to a rolling boil.\nStep 3: Stir in the rinsed basmati rice, reduce the heat to low, cover tightly with a lid, and let it simmer undisturbed for 12-15 minutes.\nStep 4: Remove the pot from the heat source and let it sit covered for an additional 5 minutes to complete steam absorption.\nStep 5: Uncover, fluff gently with a fork, and scale per portion allocation.",,0
Strawberries,Fruits,171730,32,0.7,7.7,0.3,0.05,24,0,0.4,13,2,4.9,16,153,1,0.1,58.8,1,0.3,0,0,1,0,,,,,0
Sumac,Spices,,250,5,40,10,0,0,0,40,120,20,0,300,500,50,1.5,40,20,0,0,0,1,0,,,,,0
"Sumac Za'atar Dressing (Base)","Base Ingredient",,640.12,1.18,7.89,69,0.0676,5.8514,0,3.9865,22.7432,3.0135,0.4459,73.1486,107.6351,1106.4865,0.3514,10.9324,13.7432,10.0946,0,5.4054,1,1,"80:50,143:1,193:2,210:10,244:2,252:4,285:5","Levantine dressing with sumac, za'atar, lemon, and olive oil.","Step 1: Whisk olive oil, lemon juice, garlic, sumac, za'atar, salt, and pepper.\nStep 2: Rest 10 minutes before tossing with salad.",,0
"Sun-dried Tomato",Vegetables,170459,258,14.1,55.8,3,0.49,68,0,9.1,194,12.3,37.6,110,3427,107,2,39.2,44,0,0,0,1,0,,,,,0
"Sunflower Seeds",Fats/Nuts,170562,584,20.8,20,51.5,1.35,227,0,5.3,325,8.6,2.6,78,645,9,5,1.4,3,35.2,0,8,1,0,,,,,0
"Sushi Rice",Grains,1104385,130,2.4,28.5,0.2,0.04,3,0,0.1,3,0.4,0.1,2,20,1,0.4,0,0,0,0,0,1,0,,,,,0
"Sweet Potato",Vegetables,168482,86,1.6,20.1,0.1,0.21,11,0,0.6,25,3,4.2,30,337,55,0.3,2.4,709,0.3,0,0,1,0,,,,,0
Tahini,Fats/Nuts,168591,595,17,21.2,53.8,0.15,98,0,9,95,9.3,0.5,426,414,115,4.6,0,3,0.3,0,8,1,0,,,,,0
Tamari,Condiment,174276,60,10,2,0,0.4,0,0,0.4,4,0,1,20,212,5600,0,0,0,0,0,0,1.2,0,,"Premium gluten-free Japanese tamari soy sauce.",,,0
"Tamari Sauce",Condiments,,60,10,5,0,0.2,0,0,1.4,20,0,0,20,200,5500,0.8,0,0,0,0,0,1.15,0,,"Gluten-free tamari soy sauce","Traditional naturally fermented gluten-free soy sauce.",,0
"Tamarind Paste",Pantry,169310,239,2.8,62.5,0.6,0.07,14,0,2.8,92,5.1,57.4,74,628,28,0.1,3.5,2,0.1,0,0,1,0,,,,,0
"Tandoori Chicken (Base)","Base Ingredient",,173.3,25.75,4.41,5.64,0.5548,4.729,0.2419,1.8161,33.2097,1.5484,1.1452,33.7177,306.671,223.6968,1.0129,3.8516,47.0081,1.2194,0.0806,6.9032,1,1,"80:10,168:500,210:25,313:40,369:45","Tandoori-marinated chicken breast using house tandoori spice mix, lemon, and coconut.","Step 1: Coat chicken evenly with Tandoori Spice Mix (Base), lemon juice, coconut milk, and olive oil.\nStep 2: Marinate at least 4 hours or overnight.\nStep 3: Grill or pan-sear until golden then bake in the oven for 20 minutes exactly.\nStep 4: Rest and slice.",,0
"Tandoori Coconut Mint Dressing (Base)","Base Ingredient",,257.44,1.66,10.64,24.84,0.0656,24.1639,0,1.7869,26,3.8033,1.7213,72.7541,223.3115,10.4262,0.4754,20.2459,32.7213,3.0656,0,1.5738,1,1,"21:8,68:8,80:12,212:30,343:3","Cool coconut mint dressing with tandoori spice.","Step 1: Finely chop mint and coconut.\nStep 2: Whisk with lime juice, olive oil, and tandoori spice.\nStep 3: Marinate chicken in half, then dress the salad with the rest.",,0
"Tandoori Lime Dressing (Base)","Base Ingredient",,284.7,0.89,8.47,29.06,0.0566,7.6226,0,0.9623,13.5849,1.8491,1.2075,45.8491,127.0755,4.6038,0.2075,20.8302,5.7547,4.3396,0,2.2642,1,1,"80:15,212:35,343:3","Smoky tandoori lime dressing for chicken salads.","Step 1: Whisk lime juice, olive oil, and tandoori spice.\nStep 2: Marinate chicken in half the dressing, then use the rest to finish the salad.",,0
"Tandoori Salmon (Base)","Base Ingredient",,209.02,17.5,4.38,13.53,0.5967,22.7646,2.6277,1.2555,32.7555,1.5365,1.1296,29.0566,397.7318,213.3431,0.5328,3.7099,52.2591,1.8613,9.0328,1.3485,1,1,"80:8,210:20,242:450,313:30,369:40","Tandoori-marinated salmon fillet with house spice mix and citrus.","Step 1: Rub salmon with Tandoori Spice Mix (Base), lemon juice, coconut milk, and olive oil.\nStep 2: Marinate 30–60 minutes.\nStep 3: Grill or bake at 200°C until just cooked through. Rest briefly before serving.",,0
"Tandoori Spice Mix",Spices,,318,11,54,12,0.38,18,0,14,170,28,1.5,700,1050,48,3.8,18,90,2.2,0,0,0.52,0,,"Bold aromatic Northern Indian spice blend","Clean whole spice tandoori rub matrix.",,0
"Tandoori Spice Mix (Base)","Base Ingredient",,282.73,9.52,54.27,9.44,0.9508,9.9754,0,13.2992,135.5984,19.5615,13.291,289.7213,1260.0697,2254.5615,2.5861,30.9836,580.4385,10.1639,0,0,1,1,"10:14,80:14,143:14,172:14,223:5,244:14,284:14,370:14,371:14,373:14,374:14,375:15,376:70,377:14","Authentic tandoori masala paste with kashmiri chili, green papaya juice, black tamarind, and warm whole spices.","Step 1: Lightly toast brown cardamom, anise seeds, and cumin powder in a dry pan until fragrant.\nStep 2: Grind with paprika, kashmiri chili, garlic powder, ginger powder, cinnamon, mace, cane sugar, salt, and pepper.\nStep 3: Work in green papaya juice and black tamarind until a thick rub forms.\nStep 4: Use for all tandoori chicken and fish marinades.",,0
"Tapioca Starch",Grains,,358,0.2,88.7,0,0,0,0,1.6,1,0.9,3.4,20,11,1,0,0,0,0,0,0,1,0,,,,,0
Tarragon,Spices,172240,295,22.8,50.2,7.2,2.41,274,0,32.3,347,7.1,0,1139,3020,62,3.9,50,210,0,0,0,1,0,,,,,0
"Tea (Green/Black)",Liquids,171917,1,0.2,0,0,0.01,5,0,0,2,0,0,0,21,3,0,0,0,0,0,0,1,0,,,,,0
Tempeh,Proteins,174272,192,20.3,7.6,10.8,0.3,52,0.1,2.7,81,0,0,111,412,9,1.1,0,0,0,0,0,1,0,,,,,0
"Test Export",Proteins,,345.71,43.53,106.43,53.55,3.39,132.52,3,17.37,64.15,0,0,0,0,0,0,0,0,0,0,1.5,0.7,0,,,,,0
"Thai Peanut Dressing (Base)","Base Ingredient",,249.47,10,11.31,20.62,0.1882,33.4118,0,0.7765,65.4706,3.4118,4.2824,23.7059,297.2353,7.8824,1.0353,8.8235,0.2941,3.8,0,0,1,1,"212:25,232:35,284:25","Creamy peanut lime dressing for slaws and rainbow salads.","Step 1: Whisk peanut butter with lime juice until smooth.\nStep 2: Thin with water to a pourable consistency.\nStep 3: Toss with prepared vegetables.",,0
"Thai basil",Herbs,,23,3.2,2.7,0.6,0.2,68,0,3.2,64,1.6,0.3,177,295,4,0.8,18,264,0.8,0,0,1,0,,,,,0
Thyme,Herbs,,276,9.1,63.9,7.4,0.35,56,0,123.6,220,37,0,1890,814,55,5.5,50,380,0,0,0,1,0,,"Dried thyme leaves — earthy herb for rubs, roasts, and spice blends.",,,0
"Thyme (Fresh)","Vegetables / Herbs",170940,101,5.6,24.5,1.7,0.3,45,0,17.5,160,14,0,405,609,9,1.8,160,238,0,0,0,1,0,,"Fresh sprigs of thyme, deeply aromatic and wood-sy.",,,0
"Tofu (Firm)",Proteins,172448,83,10,2.3,4.8,0.08,15,0,1.6,58,1,0.6,350,148,9,1.1,0,9,0.1,0,1.5,1,0,,,,,0
"Tomato (Raw)",Vegetables,170457,18,0.9,3.9,0.2,0.08,15,0,0.3,11,1.2,2.6,10,237,5,0.2,13.7,42,0.5,0,0,1,0,,,,,0
"Tomato Paste",Pantry,170458,82,4.3,18.9,0.5,0.22,15,0,3,35,4.1,11.3,36,1014,59,0.6,21.9,76,4.3,0,0,1,0,,,,,0
"Tuna (Canned)",Proteins,171986,116,25.5,0,0.8,0.35,2,2.5,1.5,27,0,0,11,237,338,0.7,0,19,0.7,1.7,1.5,1,0,,,,,0
Turmeric,Spice,,312,9.7,67.1,3.3,0.1,39,0,55,193,22.7,3.2,168,2080,27,4.5,0.7,0,3.1,0,0,1,0,,,,,0
"Turmeric (Ground)",Spices,,312,9.7,67.1,3.3,1.8,39,0,55,193,22.7,3.2,168,2080,27,4.5,25.9,0,3.1,0,0,1,0,,,,,0
"Turmeric Lemon Dressing (Base)","Base Ingredient",,422.07,0.96,7.75,44.51,0.1593,6.5664,0,2.4425,13.2389,1.2743,1.2743,23.0088,152.7434,689.3451,0.2832,19.6991,0.6903,6.5487,0,3.5398,1,1,"80:25,143:0.5,193:3,210:25,244:1,263:2","Golden turmeric lemon dressing for kale and chicken salads.","Step 1: Mince garlic and whisk with olive oil, lemon juice, turmeric, salt, and pepper.\nStep 2: Use half to marinate chicken and half to dress the salad.",,0
"Turmeric Powder","Spices / Pantry",,312,9.7,67.1,3.3,1.8,39,0,55,208,22.7,3.2,168,2080,27,4.7,0.7,0,4.4,0,0,1,0,,"Pure ground turmeric root powder, vibrant yellow and deeply anti-inflammatory.",,,0
"Turmeric Rice (Base)","Base Ingredient",,15.62,0.39,4.32,0.03,0.0066,0.6073,0,0.0165,1.4868,0.0957,0.0116,3.0281,3.5083,171.3234,0.0726,0,0,0,0,0,1,1,"131:4,244:2,284:400,286:200","Bright, golden-hued long grain basmati rice steamed with aromatic ground turmeric root and balanced with sea salt.","Step 1: Rinse white basmati rice thoroughly until the water runs completely clear.\nStep 2: In a small saucepan, combine the washed rice, filtered water, ground turmeric powder, and sea salt, stirring once to distribute the golden spice evenly.\nStep 3: Bring the pot to a rolling boil over high heat, then immediately reduce the heat to low, cover with a tight-fitting lid, and let steam undisturbed for 15 minutes until fluffy.",,0
"Vanilla Extract",Pantry,172246,288,0.1,12.7,0.1,0.03,0,0,0.1,12,0,12.7,11,148,9,0.1,0,0,0,0,0,1,0,,,,,0
"Vanilla Pods",Spices,171449,288,0.06,12.65,0.06,0.03,0,0,0.12,12,0,12.65,11,148,9,0.11,0,0,0,0,0,1,0,,,,,0
"Vegan Worcestershire Sauce",Condiment,,78,0,19,0,0,0,0,0,0,0,11,0,0,980,0,0,0,0,0,0,1.15,0,,"Gluten-free, plant-based savory Worcestershire sauce.",,,0
"Vegetable Broth (Base)","Base Ingredient",,35.47,0.84,2.38,2.75,0.0509,2.9362,0.005,0.3451,13.2023,0.4584,0.7762,12.6062,69.7195,150.8931,0.2224,6.6557,6.0646,0.2461,0,0.35,1,1,"55:15,80:20,83:2,143:2,153:150,176:100,244:5,284:1000,306:100","A rich, clear vegetable reduction broth made entirely from whole foods and aromatic herbs.","Step 1: Roast vegetables lightly.\nStep 2: Combine all ingredients in a stainless steel stockpot with filtered water.\nStep 3: Simmer on low heat for 4 hours.\nStep 4: Strain through fine mesh and cool immediately.",,0
"Vegetable Stock",Liquids,1104104,5,0.3,1,0,0.01,1,0,0.1,2,0.1,0.5,5,37,350,0,0,14,0,0,0,1,0,,,,,0
"Walnut Oil",Fats,1103859,884,0,0,100,0,0,0,0,0,0,0,0,0,0,0,0,0,0.4,0,8,1,0,,,,,0
Walnuts,Fats/Nuts,170187,654,15.2,13.7,65.2,0.54,98,0,2.9,158,6.7,2.6,98,441,2,3.1,1.3,1,0.7,0,8,1,0,,,,,0
"Wasabi (Paste)",Spices,1103608,292,2.2,46.1,10.9,0.11,10,0,1,35,6.1,7.9,128,420,2500,0.5,5,0,0,0,0,1,0,,,,,0
"Water (Filtered)",Liquids,1103001,0,0,0,0,0,0,0,0,1,0,0,3,0,1,0,0,0,0,0,0,1,0,,,,,0
Watermelon,Fruits,167765,30,0.6,7.6,0.2,0.05,3,0,0.2,10,0.4,6.2,7,112,1,0.1,8.1,28,0.1,0,0,1,0,,,,,0
"Wheat Flour",Grains,169741,364,10.3,76.3,1,0.04,26,0,1.2,22,2.7,0.3,15,107,2,0.7,0,0,0.1,0,0,1,0,,,,,0
"White Onion",Vegetables,170008,40,1.1,9.34,0.1,0.12,19,0,0.21,10,1.7,4.2,23,146,4,0.17,7.4,0,0.02,0,0,1,0,,,,,0
"White Peppercorns",Spices,173474,296,10.4,68.6,2.1,0.1,10,0,14.3,90,26.2,0.6,460,73,5,1.1,0,0,0,0,0,1,0,,,,,0
"Wild Rice",Grains,168916,101,4,21.3,0.3,0.14,26,0,0.6,32,1.8,0.7,3,101,3,1.3,0,0,0.2,0,0,1,0,,,,,0
"Wild Rice (Cooked)",Grains,168453,101,4,21.3,0.3,0.14,26,0,0.6,32,1.8,0.7,3,101,3,1.3,0,1,0.2,0,0,1,0,,,,,0
Worcestershire,Pantry,173468,78,0,19,0,0.05,4,0,5.3,13,0,10,80,800,980,0.1,13,10,0,0,0,1,0,,,,,0
"Yeast (Dry)",Pantry,,325,40.4,41.2,7.6,1.5,2340,0,3.3,130,26.9,0,30,1900,51,10,0.3,0,0,0,0,1,0,,,,,0
Za'atar,Spices,,280,8,45,12,0.4,60,0,18,180,22,1,650,550,800,3,40,180,5,0,0,1,0,,,,,0
"Zesty Lime Chili Salad Dressing (Base)","Base Ingredient",,541.33,0.23,3.33,60.07,0.01,3.17,0,0.46,3.63,0.38,0.71,8.37,46.55,777.24,0.01,9.02,0.57,8.71,0,0,1,1,"58:60,115:2,143:1,212:30,244:2","A vibrant, punchy vinaigrette matching rich extra virgin olive oil with fresh tart lime juice, crushed red pepper flakes, and a hint of cider vinegar.","Step 1: Combine the extra virgin olive oil, freshly squeezed lime juice, apple cider vinegar, crushed red pepper flakes, sea salt, and black pepper in a small bowl or sealable jar.\nStep 2: Whisk or shake vigorously until the dynamic acid and oil layers emulsify into a smooth dressing paste.",,0
Zucchini,Vegetables,169252,17,1.2,3.1,0.3,0.22,24,0,0.4,18,1,2.5,16,261,8,0.3,17.9,10,0.1,0,0,1,0,,,,,0
"coriander powder","Spices / Pantry",,298,12.4,55,17.8,0.6,0,0,16.3,330,41.9,0,709,1267,35,4.7,21,0,0,0,0,1,0,,"Fine ground coriander seed powder, warm and mildly citrusy.",,,0
"cumin powder","Spices / Pantry",172233,375,17.8,44.2,22.3,0.4,10,0,66.4,366,10.5,2.3,931,1788,168,4.8,7.7,64,3.3,0,0,1,0,,"Fine ground cumin seed powder, deeply aromatic and earthy.",,,0
curry,"Base Ingredient",,97.05,3.43,21.23,1.04,0.4775,48.165,0,15.3825,65.25,6.5675,1.0075,83.185,661.0775,9742.6075,1.525,33.425,105.25,1.3,0,0,1,1,"13:100,244:100,286:100,338:100",,,,0
"mustard seeds","Spices / Pantry",,508,26.1,28.1,36.2,0.4,10,0,9.2,370,12.2,6.8,266,738,13,6.1,7.1,3,5.1,0,0,1,0,,"Whole mustard seeds used for tempering and sputtering in hot oil.",,,0
